Symbol,AssetType,Name,Description,CIK,Exchange,Currency,Country,Sector,Industry,Address,FiscalYearEnd,LatestQuarter,MarketCapitalization,EBITDA,PERatio,PEGRatio,BookValue,DividendPerShare,DividendYield,EPS,RevenuePerShareTTM,ProfitMargin,OperatingMarginTTM,ReturnOnAssetsTTM,ReturnOnEquityTTM,RevenueTTM,GrossProfitTTM,DilutedEPSTTM,QuarterlyEarningsGrowthYOY,QuarterlyRevenueGrowthYOY,AnalystTargetPrice,TrailingPE,ForwardPE,PriceToSalesRatioTTM,PriceToBookRatio,EVToRevenue,EVToEBITDA,Beta,52WeekHigh,52WeekLow,50DayMovingAverage,200DayMovingAverage,SharesOutstanding,DividendDate,ExDividendDate
AAPL,Common Stock,Apple Inc,"Apple Inc. is an American multinational technology company that specializes in consumer electronics, computer software, and online services. Apple is the world's largest technology company by revenue (totalling $274.5 billion in 2020) and, since January 2021, the world's most valuable company. As of 2021, Apple is the world's fourth-largest PC vendor by unit sales, and fourth-largest smartphone manufacturer. It is one of the Big Five American information technology companies, along with Amazon, Google, Microsoft, and Facebook.",320193,NASDAQ,USD,USA,TECHNOLOGY,ELECTRONIC COMPUTERS,"ONE INFINITE LOOP, CUPERTINO, CA, US",September,2022-09-30,2062007796000,130541003000,21.21,2.75,3.178,0.9,0.0074,6.11,24.32,0.253,0.303,0.212,1.755,394328015000,170782000000,6.11,0.048,0.081,174.62,21.21,23.09,5.51,44.63,5.92,17.53,1.272,178.8,124.17,141.8,151.04,15908100000,2022-11-10,2022-11-04
AMGN,Common Stock,Amgen Inc,"Amgen Inc. (formerly Applied Molecular Genetics Inc.) is an American multinational biopharmaceutical company headquartered in Thousand Oaks, California. Focused on molecular biology and biochemistry, its goal is to provide a healthcare business based on recombinant DNA technology.",318154,NASDAQ,USD,USA,LIFE SCIENCES,"BIOLOGICAL PRODUCTS, (NO DISGNOSTIC SUBSTANCES)","ONE AMGEN CENTER DRIVE, THOUSAND OAKS, CA, US",December,2022-09-30,142390886000,13425000000,21.5,1.55,6.85,7.58,0.0324,12.41,48.29,0.26,0.388,0.0993,1.152,26329999000,19525000000,12.41,0.202,-0.008,269.44,21.5,14.95,5.49,39.6,6.53,13.85,0.648,294.64,209.61,275.65,251.5,533579000,2023-03-08,2023-02-14
AXP,Common Stock,American Express Company,The American Express Company is a multinational financial services corporation headquartered at 200 Vesey Street in the Battery Park City neighborhood of Lower Manhattan in New York City.,4962,NYSE,USD,USA,FINANCE,FINANCE SERVICES,"200 VESEY STREET, 50TH FLOOR, NEW YORK, NY, US",December,2022-09-30,112211984000,None,15.06,1.15,32.05,1.99,0.0142,9.97,65.64,0.154,0.208,0.0384,0.317,49622999000,30799000000,9.97,0.089,0.149,167.72,15.06,13.85,2.321,4.81,-,-,1.158,196.81,130.2,150.44,156.11,747233000,2023-02-10,2023-01-05
BA,Common Stock,The Boeing Company,"The Boeing Company is an American multinational corporation that designs, manufactures, and sells airplanes, rotorcraft, rockets, satellites, telecommunications equipment, and missiles worldwide. The company also provides leasing and product support services.",12927,NYSE,USD,USA,MANUFACTURING,AIRCRAFT,"P O BOX 3707 MS 1F 31, SEATTLE, WA, US",December,2022-09-30,126944371000,-2680999936,None,6.53,-29.71,0,0,-8.29,103.57,-0.138,-0.0764,-0.0206,0,61420999000,5190000000,-8.29,-0.68,0.044,199.2,-,29.5,1.783,-,2.526,-34.48,1.499,229.67,113.02,175.22,156.97,595983000,2020-03-06,2020-02-13
CAT,Common Stock,Caterpillar Inc,"Caterpillar Inc. (often shortened to CAT) is an American Fortune 100 corporation that designs, develops, engineers, manufactures, markets, and sells machinery, engines, financial products, and insurance to customers via a worldwide dealer network.",18230,NYSE,USD,USA,TECHNOLOGY,CONSTRUCTION MACHINERY & EQUIP,"100 NE ADAMS ST, PEORIA, IL, US",December,2022-09-30,129508983000,11151000000,18.16,1.557,29.96,4.62,0.02,13.7,106.4,0.13,0.159,0.0695,0.456,56627999000,13189000000,13.7,0.488,0.209,232.84,18.16,15.9,2.12,7.83,2.688,12.79,1.124,249.91,159.53,230.79,204.86,520409000,2023-02-17,2023-01-19
CRM,Common Stock,Salesforce.com Inc,"Salesforce.com, Inc. is an American cloud-based software company headquartered in San Francisco, California. It provides customer relationship management (CRM) service and also provides a complementary suite of enterprise applications focused on customer service, marketing automation, analytics, and application development.",1108524,NYSE,USD,USA,TECHNOLOGY,SERVICES-PREPACKAGED SOFTWARE,"THE LANDMARK, ONE MARKET STREET STE.300, SAN FRANCISCO, CA, US",January,2022-10-31,140509987000,2561000000,562.04,1.358,59.89,0,0,0.25,30.52,0.0092,0.0164,0.0035,0.0048,30294000000,19466000000,0.25,-0.553,0.142,193.11,562.04,23.75,4.306,2.27,4.517,32.72,1.129,239.28,126.34,143.74,165.64,1000000000,None,None
CSCO,Common Stock,Cisco Systems Inc,"Cisco Systems, Inc. is an American multinational technology conglomerate headquartered in San Jose, California, in the center of Silicon Valley. Cisco develops, manufactures and sells networking hardware, software, telecommunications equipment and other high-technology services and products. Through its numerous acquired subsidiaries, such as OpenDNS, Webex, Jabber and Jasper, Cisco specializes in specific tech markets, such as the Internet of Things (IoT), domain security and energy management. On January 25, 2021, Cisco reincorporated in Delaware.",858877,NASDAQ,USD,USA,TECHNOLOGY,COMPUTER COMMUNICATIONS EQUIPMENT,"170 WEST TASMAN DR, SAN JOSE, CA, US",July,2022-10-31,198503399000,15862000000,17.44,2.35,9.81,1.51,0.0324,2.77,12.62,0.22,0.27,0.0933,0.277,52288999000,32248000000,2.77,-0.071,0.057,55.5,17.44,13.89,3.783,5.03,3.665,11.61,0.966,60.78,38.3,47.01,46.3,4108100000,2023-01-25,2023-01-04
CVX,Common Stock,Chevron Corp,"Chevron Corporation is an American multinational energy corporation. One of the successor companies of Standard Oil, it is headquartered in San Ramon, California, and active in more than 180 countries. Chevron is engaged in every aspect of the oil and natural gas industries, including hydrocarbon exploration and production; refining, marketing and transport; chemicals manufacturing and sales; and power generation.",93410,NYSE,USD,USA,ENERGY & TRANSPORTATION,PETROLEUM REFINING,"6001 BOLLINGER CANYON ROAD, SAN RAMON, CA, US",December,2022-09-30,341403468000,52928999000,10.04,2.575,82.06,5.6,0.0324,17.58,117.48,0.15,0.163,0.0924,0.232,227054993000,66234000000,17.58,0.814,0.492,192.41,10.04,10.38,1.457,2.047,1.467,5.2,1.189,188.22,118.57,178.42,164.25,1933640000,2022-12-12,2022-11-17
DIS,Common Stock,Walt Disney Company,"The Walt Disney Company, commonly known as Disney, is an American diversified multinational mass media and entertainment conglomerate headquartered at the Walt Disney Studios complex in Burbank, California.",1744489,NYSE,USD,USA,TRADE & SERVICES,SERVICES-MISCELLANEOUS AMUSEMENT & RECREATION,"500 SOUTH BUENA VISTA STREET, BURBANK, CA, US",September,2022-09-30,167624393000,11995000000,49.69,0.756,52.09,0,0,1.85,45.4,0.038,0.0826,0.021,0.0337,82721997000,28321000000,1.85,0.016,0.087,125.57,49.69,22.73,1.995,1.807,2.559,17.64,1.233,158.99,84.07,94.64,105.72,1823590000,2020-01-16,2019-12-13
DOW,Common Stock,Dow Inc,"Dow Inc. is an American commodity chemical company. The company is headquartered in Midland, Michigan.",1751788,NYSE,USD,USA,LIFE SCIENCES,"PLASTIC MATERIALS, SYNTH RESINS & NONVULCAN ELASTOMERS","2211 H.H. DOW WAY, MIDLAND, MI, US",December,2022-09-30,38295044000,9958000000,6.99,0,25.74,2.8,0.0556,7.79,81.58,0.096,0.123,0.075,0.323,59407000000,10777000000,7.79,-0.543,-0.049,51.09,6.99,12.44,0.587,1.995,0.82,4.525,1.33,69.21,42.31,50.14,54.81,703759000,2022-12-09,2022-11-29
GS,Common Stock,Goldman Sachs Group Inc,"The Goldman Sachs Group, Inc., is an American multinational investment bank and financial services company headquartered in New York City. It offers services in investment management, securities, asset management, prime brokerage, and securities underwriting. It also provides investment banking to institutional investors.",886982,NYSE,USD,USA,FINANCE,"SECURITY BROKERS, DEALERS & FLOTATION COMPANIES","200 WEST STREET, NEW YORK, NY, US",December,2022-09-30,117872067000,None,9.26,1.253,305.85,8.5,0.0291,37.57,134.67,0.293,0.371,0.0093,0.122,47324000000,52699000000,37.57,-0.448,-0.147,394.21,9.26,9.21,2.503,1.124,-,-,1.419,393.96,273.96,360.98,328.51,338635000,2022-12-29,2022-11-30
HD,Common Stock,Home Depot Inc,"The Home Depot, Inc., commonly known as Home Depot, is the largest home improvement retailer in the United States, supplying tools, construction products, and services. The company is headquartered in incorporated Cobb County, Georgia, with an Atlanta mailing address.",354950,NYSE,USD,USA,TRADE & SERVICES,RETAIL-LUMBER & OTHER BUILDING MATERIALS DEALERS,"2455 PACES FERRY ROAD, ATLANTA, GA, US",January,2022-10-31,323623420000,27324000000,19.14,1.722,1.273,7.6,0.0241,16.59,153.04,0.109,0.155,0.203,0.146,157291004000,50832000000,16.59,0.082,0.056,341.09,19.14,19.68,2.123,261.81,2.461,14.29,0.948,384.63,261.22,312.6,299.26,1019190000,2022-12-15,2022-11-30
HON,Common Stock,Honeywell International Inc,"Honeywell International Inc. is an American publicly traded, multinational conglomerate headquartered in Charlotte, North Carolina. It primarily operates in four areas of business: aerospace, building technologies, performance materials and technologies (PMT), and safety and productivity solutions (SPS).",773840,NASDAQ,USD,USA,MANUFACTURING,AIRCRAFT ENGINES & ENGINE PARTS,"300 SOUTH TRYON STREET, CHARLOTTE, NC, US",December,2022-09-30,137469673000,8499000000,26.18,2.053,26.34,3.92,0.0192,7.81,51.26,0.154,0.209,0.0734,0.296,34937000000,10998000000,7.81,0.267,0.056,215.84,26.18,23.47,4.021,8.15,4.39,17.99,1.145,220.96,165.7,211.4,193.02,672322000,2022-12-02,2022-11-09
IBM,Common Stock,International Business Machines,"International Business Machines Corporation (IBM) is an American multinational technology company headquartered in Armonk, New York, with operations in over 170 countries. The company began in 1911, founded in Endicott, New York, as the Computing-Tabulating-Recording Company (CTR) and was renamed International Business Machines in 1924. IBM is incorporated in New York. IBM produces and sells computer hardware, middleware and software, and provides hosting and consulting services in areas ranging from mainframe computers to nanotechnology. IBM is also a major research organization, holding the record for most annual U.S. patents generated by a business (as of 2020) for 28 consecutive years. Inventions by IBM include the automated teller machine (ATM), the floppy disk, the hard disk drive, the magnetic stripe card, the relational database, the SQL programming language, the UPC barcode, and dynamic random-access memory (DRAM). The IBM mainframe, exemplified by the System/360, was the dominant computing platform during the 1960s and 1970s.",51143,NYSE,USD,USA,TECHNOLOGY,COMPUTER & OFFICE EQUIPMENT,"1 NEW ORCHARD ROAD, ARMONK, NY, US",December,2022-09-30,128801178000,12010000000,23.6,1.276,22.2,6.59,0.0468,6.09,67.2,0.0209,0.115,0.0322,0.0648,60535001000,31486000000,6.09,0.041,0.065,142.43,23.6,15.55,2.108,6.75,2.969,25.81,0.881,153.21,114.19,142.98,134.63,896320000,2022-12-10,2022-11-09
INTC,Common Stock,Intel Corporation,"Intel Corporation is an American multinational corporation and technology company headquartered in Santa Clara, California, in Silicon Valley. It is the world's largest semiconductor chip manufacturer by revenue, and is the developer of the x86 series of microprocessors, the processors found in most personal computers (PCs).",50863,NASDAQ,USD,USA,MANUFACTURING,SEMICONDUCTORS & RELATED DEVICES,"2200 MISSION COLLEGE BLVD, RNB-4-151, SANTA CLARA, CA, US",December,2022-09-30,118568706000,20846000000,8.89,12.69,24.2,1.442,0.053,3.23,16.98,0.191,0.115,0.0293,0.14,69540004000,43815000000,3.23,-0.852,-0.201,31.13,8.89,15.04,1.611,1.168,1.921,4.937,0.765,54.12,24.26,28.2,35.51,4127000000,2022-12-01,2022-11-04
JNJ,Common Stock,Johnson & Johnson,"Johnson & Johnson (J&J) is an American multinational corporation founded in 1886 that develops medical devices, pharmaceuticals, and consumer packaged goods. Its common stock is a component of the Dow Jones Industrial Average and the company is ranked No. 36 on the 2021 Fortune 500 list of the largest United States corporations by total revenue. Johnson & Johnson is one of the world's most valuable companies, and is one of only two U.S.-based companies that has a prime credit rating of AAA, higher than that of the United States government.",200406,NYSE,USD,USA,LIFE SCIENCES,PHARMACEUTICAL PREPARATIONS,"ONE JOHNSON & JOHNSON PLZ, NEW BRUNSWICK, NJ, US",December,2022-09-30,471260004000,32015000000,24.62,3.793,28.51,4.38,0.0256,7.32,36.52,0.2,0.26,0.0881,0.265,96041001000,64020000000,7.32,0.226,0.019,184.62,24.62,16.89,4.894,6.16,4.763,15.47,0.571,183.08,152.71,175.63,173.53,2614480000,2022-12-06,2023-02-17
JPM,Common Stock,JPMorgan Chase & Co,"JPMorgan Chase & Co. is an American multinational investment bank and financial services holding company headquartered in New York City. JPMorgan Chase is incorporated in Delaware. As a Bulge Bracket bank, it is a major provider of various investment banking and financial services. It is one of America's Big Four banks, along with Bank of America, Citigroup, and Wells Fargo. JPMorgan Chase is considered to be a universal bank and a custodian bank. The J.P. Morgan brand is used by the investment banking, asset management, private banking, private wealth management, and treasury services divisions.",19617,NYSE,USD,USA,FINANCE,NATIONAL COMMERCIAL BANKS,"383 MADISON AVENUE, NEW YORK, NY, US",December,2022-09-30,404605600000,None,11.64,1.166,87.0,4,0.0296,11.85,40.61,0.307,0.381,0.0098,0.128,120585003000,130898000000,11.85,-0.166,0,144.65,11.64,10.38,3.165,1.534,-,-,1.111,164.39,100.54,132.03,122.7,2933200000,2023-01-31,2023-01-05
KO,Common Stock,Coca-Cola Co,"The Coca-Cola Company is an American multinational beverage corporation incorporated under Delaware's General Corporation Law and headquartered in Atlanta, Georgia. The Coca-Cola Company has interests in the manufacturing, retailing, and marketing of nonalcoholic beverage concentrates and syrups.",21344,NYSE,USD,USA,MANUFACTURING,BEVERAGES,"ONE COCA COLA PLAZA, ATLANTA, GA, US",December,2022-09-30,275082300000,13531000000,27.73,3.601,5.27,1.74,0.0277,2.281,9.79,0.234,0.289,0.0836,44.13,42342998000,23298000000,2.28,0.14,0.102,67.55,27.61,25.32,6.45,12.13,7.16,21.37,0.593,65.77,53.64,61.62,61.92,4324510000,2022-12-15,2022-11-30
MCD,Common Stock,McDonaldâ€™s Corporation,"McDonald's Corporation is an American fast food company, founded in 1940 as a restaurant operated by Richard and Maurice McDonald, in San Bernardino, California, United States. They rechristened their business as a hamburger stand, and later turned the company into a franchise, with the Golden Arches logo being introduced in 1953 at a location in Phoenix, Arizona.",63908,NYSE,USD,USA,TRADE & SERVICES,RETAIL-EATING PLACES,"ONE MCDONALD'S PLAZA, OAK BROOK, IL, US",December,2022-09-30,197366301000,12056001000,33.98,3.336,-8.96,5.52,0.0232,7.93,31.43,0.254,0.437,0.126,0,23265200000,12580200000,7.93,-0.063,-0.053,291.5,33.98,26.32,8.55,-,10.55,23.03,0.65,280.09,214.1,270.51,254.91,732424000,2022-12-15,2022-11-30
MMM,Common Stock,3M Company,"The 3M Company is an American multinational conglomerate corporation operating in the fields of industry, worker safety, US health care, and consumer goods. The company produces over 60,000 products under several brands, including adhesives, abrasives, laminates, passive fire protection, personal protective equipment, window films, paint protection films, dental and orthodontic products, electrical and electronic connecting and insulating materials, medical products, car-care products, electronic circuits, healthcare software and optical films. It is based in Maplewood, a suburb of Saint Paul, Minnesota.",66740,NYSE,USD,USA,LIFE SCIENCES,SURGICAL & MEDICAL INSTRUMENTS & APPARATUS,"3M CENTER, BLDG. 220-13E-26A, ST PAUL, MN, US",December,2022-09-30,70043591000,6969000000,11.06,2.314,25.47,5.95,0.0485,11.46,60.79,0.189,0.146,0.0674,0.459,34761998000,16579000000,11.46,1.763,-0.036,129.71,11.06,11.92,1.946,4.95,2.377,8.52,0.986,173.96,105.83,124.91,133.06,552743000,2022-12-12,2022-11-17
MRK,Common Stock,Merck & Company Inc,"Merck & Co. is an American multinational pharmaceutical company headquartered in Kenilworth, New Jersey. It is named after the Merck family, which set up Merck Group in Germany in 1668.",310158,NYSE,USD,USA,LIFE SCIENCES,PHARMACEUTICAL PREPARATIONS,"2000 GALLOPING HILL ROAD, KENILWORTH, NJ, US",December,2022-09-30,291165307000,24074000000,19.04,1.359,17.55,2.72,0.0257,6.03,23.31,0.259,0.345,0.127,0.382,58973999000,35463000000,6.03,-0.289,0.137,115.96,19.04,14.75,4.713,6.36,5.12,13.96,0.393,115.49,70.61,106.25,93.17,2535400000,2023-01-09,2022-12-14
MSFT,Common Stock,Microsoft Corporation,"Microsoft Corporation is an American multinational technology company which produces computer software, consumer electronics, personal computers, and related services. Its best known software products are the Microsoft Windows line of operating systems, the Microsoft Office suite, and the Internet Explorer and Edge web browsers. Its flagship hardware products are the Xbox video game consoles and the Microsoft Surface lineup of touchscreen personal computers. Microsoft ranked No. 21 in the 2020 Fortune 500 rankings of the largest United States corporations by total revenue; it was the world's largest software maker by revenue as of 2016. It is considered one of the Big Five companies in the U.S. information technology industry, along with Google, Apple, Amazon, and Facebook.",789019,NASDAQ,USD,USA,TECHNOLOGY,SERVICES-PREPACKAGED SOFTWARE,"ONE MICROSOFT WAY, REDMOND, WA, US",June,2022-09-30,1676733972000,98841002000,24.21,2.275,23.28,2.54,0.0122,9.29,27.14,0.344,0.417,0.152,0.429,203074994000,135620000000,9.29,-0.133,0.106,293.28,24.21,27.03,9.14,11.05,9.21,18.55,0.926,320.41,212.83,240.18,259.98,7454470000,2023-03-09,2023-02-15
NKE,Common Stock,Nike Inc,"Nike, Inc. is an American multinational corporation that is engaged in the design, development, manufacturing, and worldwide marketing and sales of footwear, apparel, equipment, accessories, and services. The company is headquartered near Beaverton, Oregon, in the Portland metropolitan area. It is the world's largest supplier of athletic shoes and apparel and a major manufacturer of sports equipment.",320187,NYSE,USD,USA,MANUFACTURING,RUBBER & PLASTICS FOOTWEAR,"ONE BOWERMAN DR, BEAVERTON, OR, US",May,2022-11-30,194838381000,7178000000,35.18,3.63,9.8,1.255,0.0113,3.54,31.29,0.115,0.13,0.102,0.373,49107001000,21479000000,3.54,0.024,0.172,125.55,35.18,36.36,3.601,11.02,3.713,24.74,1.087,151.97,81.97,105.8,110.03,1259690000,2022-12-28,2022-12-02
PG,Common Stock,Procter & Gamble Company,"The Procter & Gamble Company (P&G) is an American multinational consumer goods corporation headquartered in Cincinnati, Ohio, founded in 1837 by William Procter and James Gamble. It specializes in a wide range of personal health, consumer health, personal care, and hygiene products; these products are organized into several segments including Beauty; Grooming; Health Care; Fabric & Home Care; and Baby, Feminine, & Family Care. Before the sale of Pringles to Kellogg's, its product portfolio also included food, snacks, and beverages.",80424,NYSE,USD,USA,LIFE SCIENCES,"SOAP, DETERGENTS, CLEANG PREPARATIONS, PERFUMES, COSMETICS","ONE PROCTER & GAMBLE PLAZA, CINCINNATI, OH, US",June,2022-09-30,364744245000,21364001000,26.68,4.982,18.25,3.566,0.0243,5.77,33.53,0.181,0.231,0.0986,0.322,80460997000,38212000000,5.77,-0.021,0.013,149.47,26.68,26.32,4.45,8.38,4.838,18.39,0.431,162.68,121.32,145.06,144.59,2369700000,2022-11-15,2022-10-20
TRV,Common Stock,The Travelers Companies Inc,"The Travelers Companies, Inc., commonly known as Travelers, is an American insurance company.",86312,NYSE,USD,USA,FINANCE,"FIRE, MARINE & CASUALTY INSURANCE","385 WASHINGTON ST, SAINT PAUL, MN, US",December,2022-09-30,45433045000,5215000000,14.18,1.53,84.96,3.62,0.0198,13.67,151.3,0.0926,0.12,0.0232,0.139,36259000000,9475000000,13.67,-0.279,0.057,183.47,14.18,12.55,1.186,2.186,1.379,-,0.642,194.45,148.91,185.25,172.76,234348000,2022-12-30,2022-12-08
UNH,Common Stock,UnitedHealth Group Incorporated,"UnitedHealth Group Incorporated is an American for-profit multinational managed healthcare and insurance company based in Minnetonka, Minnesota. It offers health care products and insurance services. In 2020, it was the second-largest healthcare company (behind CVS Health) by revenue with $257.1 billion, and the largest insurance company by net premiums. UnitedHealthcare revenues comprise 80% of the Group's overall revenue.",731766,NYSE,USD,USA,FINANCE,HOSPITAL & MEDICAL SERVICE PLANS,"UNITEDHEALTH GROUP CENTER, 9900 BREN ROAD EAST, MINNEAPOLIS, MN, US",December,2022-09-30,467979895000,29351000000,24.53,1.657,79.8,6.2,0.0124,19.97,335.77,0.0617,0.086,0.0742,0.253,315117994000,69652000000,19.97,0.297,0.118,597.26,24.53,21.6,1.565,6.74,1.626,16.82,0.734,556.38,440.1,532.26,518.82,934349000,2022-12-13,2022-12-02
V,Common Stock,Visa Inc. Class A,"Visa Inc. is an American multinational financial services corporation headquartered in Foster City, California, United States. It facilitates electronic funds transfers throughout the world, most commonly through Visa-branded credit cards, debit cards and prepaid cards. Visa is one of the world's most valuable companies.",1403161,NYSE,USD,USA,TRADE & SERVICES,"SERVICES-BUSINESS SERVICES, NEC","P.O. BOX 8999, SAN FRANCISCO, CA, US",September,2022-09-30,447050744000,20621001000,30.16,1.628,16.08,1.575,0.0087,7,14.06,0.51,0.674,0.147,0.409,29309999000,28567000000,7,0.13,0.187,249.5,30.16,25.64,15.02,12.7,15.55,23.33,0.953,234.06,174.19,207.55,204.68,1627850000,2022-12-01,2022-11-09
VZ,Common Stock,Verizon Communications Inc,"Verizon Communications Inc. is an American multinational telecommunications conglomerate and a corporate component of the Dow Jones Industrial Average. The company is headquartered at 1095 Avenue of the Americas in Midtown Manhattan, New York City, but is incorporated in Delaware.",732712,NYSE,USD,USA,TECHNOLOGY,TELEPHONE COMMUNICATIONS (NO RADIOTELEPHONE),"1095 AVENUE OF THE AMERICAS, NEW YORK, NY, US",December,2022-09-30,175132492000,43437998000,8.91,5.51,20.83,2.572,0.0662,4.68,32.35,0.142,0.197,0.0459,0.237,135651000000,77312000000,4.68,-0.246,0.04,45.25,8.91,7.39,1.169,1.798,2.427,7.19,0.357,53.91,34.55,38.07,44.46,4199820000,2023-02-01,2023-01-09
WBA,Common Stock,Walgreens Boots Alliance Inc,"Walgreens Boots Alliance, Inc. is an American pharmaceuticals holding company headquartered in Deerfield, Illinois. It owns the pharmacy chains Walgreens and Boots, as well as several pharmaceutical manufacturing, wholesale, and distribution companies.",1618921,NASDAQ,USD,USA,TRADE & SERVICES,RETAIL-DRUG STORES AND PROPRIETARY STORES,"108 WILMOT ROAD, DEERFIELD, IL, US",August,2022-11-30,31427762000,3812000000,7.25,12.0,28.46,1.915,0.0546,5.03,153.02,-0.0224,0.0161,0.0141,-0.113,132183998000,28266000000,5.03,-0.76,-0.015,42.01,7.25,8.8,0.251,1.161,0.471,10.52,0.743,52.52,30.01,39.04,39.45,862334000,2022-12-12,2022-11-14
WMT,Common Stock,Walmart Inc,"Walmart Inc. is an American multinational retail corporation that operates a chain of hypermarkets, discount department stores, and grocery stores from the United States, headquartered in Bentonville, Arkansas. It also owns and operates Sam's Club retail warehouses.",104169,NYSE,USD,USA,TRADE & SERVICES,RETAIL-VARIETY STORES,"702 SOUTHWEST 8TH ST, BENTONVILLE, AR, US",January,2022-10-31,395836293000,34894000000,45.16,3.834,26.75,2.23,0.0156,3.25,218.82,0.0149,0.0401,0.0611,0.106,600111972000,143754000000,3.25,0.237,0.087,161.18,45.16,22.57,0.653,5.47,0.749,17.5,0.532,158.89,116.32,145.62,137.79,2696800000,2023-01-03,2022-12-08
A,Common Stock,Agilent Technologies Inc,"Agilent Technologies, Inc. is an American analytical instrumentation development and manufacturing company that offers its products and services to markets worldwide. Its global headquarters is located in Santa Clara, California.",1090872,NYSE,USD,USA,LIFE SCIENCES,INSTRUMENTS FOR MEAS & TESTING OF ELECTRICITY & ELEC SIGNALS,"5301 STEVENS CREEK BLVD, SANTA CLARA, CA, US",October,2022-10-31,45035512000,1994000000,36.39,2.36,17.97,0.84,0.006,4.18,22.9,0.183,0.245,0.0987,0.234,6848000000,3722000000,4.18,-0.146,0.114,161.65,36.39,26.95,6.5,8.63,6.92,24.87,1.079,160.03,111.96,147.75,131.89,296072000,2023-01-25,2022-12-30
AAL,Common Stock,American Airlines Group,"American Airlines Group Inc. is an American publicly traded airline holding company headquartered in Fort Worth, Texas.",6201,NASDAQ,USD,USA,ENERGY & TRANSPORTATION,"AIR TRANSPORTATION, SCHEDULED","1 SKYVIEW DRIVE, FORT WORTH, TX, US",December,2022-09-30,9215597000,2400000000,None,0.627,-12.15,0,0.0303,-3.671,69.58,-0.0356,0.0003,0.0001,0,45210001000,1934000000,-3.671,1.735,0.501,15.57,-,8.33,0.186,-,0.934,-361.05,1.476,21.42,11.65,13.73,14.79,649901000,2020-02-19,2020-02-04
AAP,Common Stock,Advance Auto Parts Inc,"Advance Auto Parts, Inc. (Advance) is an American automotive aftermarket parts provider. Headquartered in Raleigh, North Carolina, it serves both professional installer and do-it-yourself (DIY) customers.",1158449,NYSE,USD,USA,TRADE & SERVICES,RETAIL-AUTO & HOME SUPPLY STORES,"5008 AIRPORT RD, ROANOKE, VA, US",December,2022-09-30,9126256000,1012869000,19.75,0.909,45.86,5.5,0.0392,7.8,181.3,0.043,0.0661,0.0382,0.161,11077951000,4931356000,7.8,-0.313,0.008,167.33,19.75,11.03,0.766,3.13,1.077,12.61,1.139,235.71,138.52,159.12,181.72,59254000,2023-01-03,2022-12-15
AAPL,Common Stock,Apple Inc,"Apple Inc. is an American multinational technology company that specializes in consumer electronics, computer software, and online services. Apple is the world's largest technology company by revenue (totalling $274.5 billion in 2020) and, since January 2021, the world's most valuable company. As of 2021, Apple is the world's fourth-largest PC vendor by unit sales, and fourth-largest smartphone manufacturer. It is one of the Big Five American information technology companies, along with Amazon, Google, Microsoft, and Facebook.",320193,NASDAQ,USD,USA,TECHNOLOGY,ELECTRONIC COMPUTERS,"ONE INFINITE LOOP, CUPERTINO, CA, US",September,2022-09-30,2062007796000,130541003000,21.21,2.75,3.178,0.9,0.0074,6.11,24.32,0.253,0.303,0.212,1.755,394328015000,170782000000,6.11,0.048,0.081,174.62,21.21,23.09,5.51,44.63,5.92,17.53,1.272,178.8,124.17,141.8,151.04,15908100000,2022-11-10,2022-11-04
ABBV,Common Stock,AbbVie Inc,AbbVie is an American publicly traded biopharmaceutical company founded in 2013. It originated as a spin-off of Abbott Laboratories.,1551152,NYSE,USD,USA,LIFE SCIENCES,PHARMACEUTICAL PREPARATIONS,"1 NORTH WAUKEGAN ROAD, NORTH CHICAGO, IL, US",December,2022-09-30,294345802000,29801001000,22.07,1.279,9.04,5.64,0.0366,7.54,32.64,0.232,0.372,0.0927,0.906,57819001000,38883000000,7.54,0.242,0.033,161.63,22.07,14.39,4.989,18.23,6.04,13.8,0.672,171.07,124.73,157.36,150.49,1768480000,2023-02-15,2023-01-12
ABC,Common Stock,AmerisourceBergen,AmerisourceBergen Corporation is an American drug wholesale company that was formed by the merger of Bergen Brunswig and AmeriSource in 2001.,1140859,NYSE,USD,USA,TRADE & SERVICES,"WHOLESALE-DRUGS, PROPRIETARIES & DRUGGISTS' SUNDRIES","1300 MORRIS DRIVE, CHESTERBROOK, PA, US",September,2022-09-30,33512352000,3489651000,20.81,1.577,-1.026,1.84,0.0117,7.97,1144.46,0.0071,0.0117,0.0306,0.508,238587003000,8334565000,7.97,-0.323,0.038,178.42,20.81,14.2,0.141,5.58,0.15,11.43,0.55,174.63,126.35,163.41,151.75,202078000,2022-11-28,2022-11-10
ABT,Common Stock,Abbott Laboratories,"Abbott Laboratories is an American multinational medical devices and health care company with headquarters in Abbott Park, Illinois, United States. The company was founded by Chicago physician Wallace Calvin Abbott in 1888 to formulate known drugs; today, it sells medical devices, diagnostics, branded generic medicines and nutritional products. It split off its research-based pharmaceuticals business into AbbVie in 2013.",1800,NYSE,USD,USA,LIFE SCIENCES,PHARMACEUTICAL PREPARATIONS,"100 ABBOTT PARK ROAD, ABBOTT PARK, IL, US",December,2022-09-30,195855221000,13688001000,25.36,18.76,20.46,1.88,0.0184,4.43,25.59,0.175,0.23,0.0882,0.224,45029999000,25009000000,4.43,-0.308,-0.047,118.97,25.36,25.13,4.202,5.44,4.452,15.2,0.668,133.73,93.25,104.86,108.36,1743570000,2023-02-15,2023-01-12
ACGL,Common Stock,Arch Capital Group Ltd,"Arch Capital Group Ltd., offers insurance, reinsurance and mortgage products worldwide. The company is headquartered in Pembroke, Bermuda.",947484,NASDAQ,USD,USA,FINANCE,"FIRE, MARINE & CASUALTY INSURANCE","WATERLOO HOUSE, GROUND FLOOR, 100 PITTS BAY ROAD, PEMBROKE, BM",December,2022-09-30,23279806000,1278628000,20.11,2.24,29.86,0,0,3.13,23.81,0.14,0.132,0.016,0.0987,8855909000,3361999000,3.13,-0.981,0.136,65.78,20.11,11.34,2.519,2.025,2.802,-,0.771,64.06,41.05,58.9,49.26,369873000,None,None
ACN,Common Stock,Accenture plc,"Accenture plc is an Irish-domiciled multinational company that provides consulting and processing services. It has been incorporated in Dublin, Ireland since 2009.",1467373,NYSE,USD,USA,TRADE & SERVICES,"SERVICES-BUSINESS SERVICES, NEC","1 GRAND CANAL SQUARE, GRAND CANAL HARBOUR, DUBLIN, IE",August,2022-11-30,165742625000,10576087000,23.59,2.975,36.5,4.18,0.0168,11.15,98.66,0.113,0.153,0.131,0.321,62376956000,19701539000,11.15,0.108,0.052,313.45,23.59,25.58,2.878,8.69,3.043,18.53,1.212,379.26,242.95,280.36,290.01,629740000,2023-02-15,2023-01-09
ADBE,Common Stock,Adobe Systems Incorporated,"Adobe Inc. is an American multinational computer software company. Incorporated in Delaware and headquartered in San Jose, California, it has historically specialized in software for the creation and publication of a wide range of content, including graphics, photography, illustration, animation, multimedia, motion pictures and print. The company has expanded into digital marketing management software. Adobe has millions of users worldwide. Flagship products include: Photoshop image editing software, Adobe Illustrator vector-based illustration software, Adobe Acrobat Reader and the Portable Document Format (PDF), plus a host of tools primarily for audio-visual content creation, editing and publishing.",796343,NASDAQ,USD,USA,TECHNOLOGY,SERVICES-PREPACKAGED SOFTWARE,"345 PARK AVE, SAN JOSE, CA, US",November,2022-11-30,154695467000,6952667000,33.01,1.481,30.22,0,0,10.08,37.46,0.27,0.346,0.14,0.33,17606001000,15441000000,10.08,-0.015,0.101,386.17,33.01,22.22,8.89,10.99,9.13,22.68,1.257,541.59,274.73,328.81,370.95,464900000,None,2005-03-24
ADI,Common Stock,Analog Devices Inc,"Analog Devices, Inc. (ADI), also known simply as Analog, is an American multinational semiconductor company specializing in data conversion, signal processing and power management technology, headquartered in Wilmington, Massachusetts.",6281,NASDAQ,USD,USA,MANUFACTURING,SEMICONDUCTORS & RELATED DEVICES,"ONE TECHNOLOGY WAY, NORWOOD, MA, US",October,2022-10-31,81329480000,6118232000,30.71,1.526,71.6,3.04,0.0185,5.2,23.14,0.229,0.318,0.0465,0.0738,12013953000,7803870000,5.2,10.98,0.388,193.27,30.71,17.06,7.04,2.398,7.71,16.54,1.163,179.95,132.89,160.51,157.63,509296000,2022-12-15,2022-12-02
ADM,Common Stock,Archer-Daniels-Midland Company,"The Archer-Daniels-Midland Company, commonly known as ADM, is an American multinational food processing and commodities trading corporation founded in 1902 and headquartered in Chicago, Illinois. The company operates more than 270 plants and 420 crop procurement facilities worldwide, where cereal grains and oilseeds are processed into products used in food, beverage, nutraceutical, industrial, and animal feed markets worldwide.",7084,NYSE,USD,USA,MANUFACTURING,FATS & OILS,"77 W. WACKER DR., CHICAGO, IL, US",December,2022-09-30,47215256000,5277000000,12.28,16.43,43.71,1.57,0.0172,7,174.78,0.0416,0.043,0.048,0.178,98706997000,5987000000,7,0.968,0.214,101.29,12.28,14.45,0.514,2.124,0.604,9.31,0.844,98.12,64.42,93.8,87.43,549334000,2021-09-08,2022-11-15
ADP,Common Stock,Automatic Data Processing Inc,"Automatic Data Processing, Inc. (ADP) is an American provider of human resources management software and services.",8670,NASDAQ,USD,USA,TECHNOLOGY,SERVICES-COMPUTER PROCESSING & DATA PREPARATION,"ONE ADP BOULVARD, ROSELAND, NJ, US",June,2022-09-30,99625091000,4503700000,33.26,2.947,6.21,4.16,0.0214,7.22,40.47,0.179,0.236,0.0468,0.764,16881601000,7447100000,7.22,0.133,0.1,252.35,33.26,31.95,6.11,41.87,6.72,24.22,0.864,274.92,188.67,249.45,233.14,414828000,2023-01-01,2022-12-08
ADSK,Common Stock,Autodesk Inc,"Autodesk, Inc. is an American multinational software corporation that makes software products and services for the architecture, engineering, construction, manufacturing, media, education, and entertainment industries. Autodesk is headquartered in San Rafael, California.",769397,NASDAQ,USD,USA,TECHNOLOGY,SERVICES-PREPACKAGED SOFTWARE,"111 MCINNIS PKWY, SAN RAFAEL, CA, US",January,2022-10-31,40389427000,1035100000,67.09,1.079,4.194,0,0,2.79,22.53,0.126,0.197,0.0704,0.566,4898400000,4021400000,2.79,0.468,0.137,228.18,67.09,27.25,8.55,47.65,9.06,43.62,1.474,274.95,163.2,200.76,198.88,215767000,None,2005-03-22
AEE,Common Stock,Ameren Corp,"Ameren Corporation is an American power company created December 31, 1997, by the merger of St. Louis, Missouri's Union Electric Company (formerly NYSE: UEP) and the neighboring Central Illinois Public Service Company (CIPSCO Inc. holding, formerly NYSE: CIP) of Springfield, Illinois. It is now a holding company for several power companies and energy companies.",1002910,NYSE,USD,USA,ENERGY & TRANSPORTATION,ELECTRIC & OTHER SERVICES COMBINED,"1901 CHOUTEAU AVE, MC 1310, ST LOUIS, MO, US",December,2022-09-30,22832663000,2882000000,22.14,2.548,39.46,2.32,0.0274,3.99,27.77,0.145,0.224,0.0278,0.103,7165000000,2991000000,3.99,0.055,0.285,93.42,22.14,20.53,3.182,2.246,5.12,12.45,0.446,97.28,72.78,86.05,89.35,258522000,2022-12-30,2022-12-06
AEP,Common Stock,American Electric Power Company Inc,"American Electric Power (AEP) is a major investor-owned electric utility in the United States, delivering electricity to more than five million customers in 11 states.",4904,NASDAQ,USD,USA,ENERGY & TRANSPORTATION,ELECTRIC SERVICES,"1 RIVERSIDE PLAZA, COLUMBUS, OH, US",December,2022-09-30,49603293000,7076300000,20.03,3.045,47.26,3.12,0.035,4.82,36.95,0.131,0.21,0.0279,0.105,18819799000,7656200000,4.82,-0.158,0.195,104.4,20.03,18.62,2.61,2.085,4.69,12.14,0.422,104.62,79.55,93.05,96.36,513864000,2022-12-09,2022-11-09
AES,Common Stock,The AES Corporation,"The AES Corporation is a Fortune 500 company that generates and distributes electrical power. AES is headquartered in Arlington, Virginia.",874761,NYSE,USD,USA,ENERGY & TRANSPORTATION,COGENERATION SERVICES & SMALL POWER PRODUCERS,"4300 WILSON BOULEVARD, ARLINGTON, VA, US",December,2022-09-30,17653920000,3440000000,None,2.127,3.849,0.625,0.0231,-0.223,18.47,-0.0223,0.193,0.0409,-0.15,12327000000,2711000000,-0.223,0.229,0.195,30.91,-,16.72,1.556,7.6,3.273,30.85,0.973,29.89,18.38,27.79,24.25,667950000,2023-02-15,2023-01-31
AFL,Common Stock,Aflac Inc,Aflac Inc. (American Family Life Assurance Company) is an American insurance company and is the largest provider of supplemental insurance in the United States.,4977,NYSE,USD,USA,FINANCE,ACCIDENT & HEALTH INSURANCE,"1932 WYNNTON RD, COLUMBUS, GA, US",December,2022-09-30,46660678000,5588000000,9.49,0.93,38.71,1.53,0.0234,7.78,32.47,0.241,0.265,0.024,0.175,20928000000,9104000000,7.78,0.917,-0.08,67.77,9.49,12.8,2.06,1.812,2.243,-,0.936,74.02,51.43,69.68,61.89,631916000,2023-03-01,2023-02-14
AIG,Common Stock,American International Group Inc,"American International Group, Inc., also known as AIG, is an American multinational finance and insurance corporation with operations in more than 80 countries and jurisdictions. The company operates through three core businesses: General Insurance, Life & Retirement, and a standalone technology-enabled subsidiary.",5272,NYSE,USD,USA,FINANCE,"FIRE, MARINE & CASUALTY INSURANCE","175 WATER STREET, NEW YORK, NY, US",December,2022-09-30,47186657000,23551001000,3.729,0.549,51.58,1.28,0.0202,17.03,74.15,0.232,0.313,0.0208,0.285,59378000000,19531000000,17.03,0.823,0.146,67.85,3.729,9.95,0.778,1.193,1.267,-,1.201,64.61,46.81,60.79,56.62,742980000,2022-12-29,2022-12-14
AIZ,Common Stock,Assurant Inc,"Assurant, Inc. is a global provider of risk management products and services with headquarters in New York City.",1267238,NYSE,USD,USA,FINANCE,"INSURANCE CARRIERS, NEC","28 LIBERTY STREET, 41ST FLOOR, NEW YORK, NY, US",December,2022-09-30,6820005000,719800000,21.13,1.46,77.5,2.72,0.0224,6.11,182.8,0.0336,0.0528,0.01,0.0697,10115100000,1161700000,6.11,-0.991,-0.034,158.8,21.13,9.27,0.653,1.619,0.725,-,0.5,191.53,118.35,128.39,160.04,52831000,2022-12-19,2022-11-25
AJG,Common Stock,Arthur J Gallagher & Co,"Arthur J. Gallagher & Co. (AJG) is an American global insurance brokerage and risk management services firm headquartered in Rolling Meadows, Illinois.",354190,NYSE,USD,USA,FINANCE,"INSURANCE AGENTS, BROKERS & SERVICE","2850 GOLF ROAD, ROLLING MEADOWS, IL, US",December,2022-09-30,40485499000,2309800000,38.17,2.09,40.66,2.01,0.0108,5.03,39.38,0.132,0.209,0.0328,0.129,8247300000,2942300000,5.03,0.123,-0.05,215,38.17,21.79,4.809,4.717,5.48,21.31,0.689,201.51,145.6,190.41,176.77,210840000,2022-12-16,2022-12-01
AKAM,Common Stock,Akamai Technologies Inc,"Akamai Technologies, Inc. is a global content delivery network (CDN), cybersecurity, and cloud service company, providing web and Internet security services.",1086222,NASDAQ,USD,USA,TRADE & SERVICES,"SERVICES-BUSINESS SERVICES, NEC","145 BROADWAY, CAMBRIDGE, MA, US",December,2022-09-30,13499225000,1175294000,27.43,1.361,26.81,0,0,3.13,22.43,0.141,0.21,0.0581,0.115,3594233000,2192267000,3.13,-0.37,0.025,102.14,27.43,15.2,3.744,3.3,4.524,12.65,0.709,123.25,76.28,88.29,94.88,157242000,None,None
ALB,Common Stock,Albemarle Corp,"Albemarle Corporation is a fine chemical manufacturing company based in Charlotte, North Carolina.",915913,NYSE,USD,USA,LIFE SCIENCES,"PLASTIC MATERIALS, SYNTH RESINS & NONVULCAN ELASTOMERS","4250 CONGRESS STREET, SUITE 900, CHARLOTTE, NC, US",December,2022-09-30,25965791000,2123138000,16.8,0.316,57.47,1.58,0.0072,13.19,47.77,0.278,0.329,0.0933,0.259,5593330000,1008471000,13.19,-0.044,1.519,309.13,16.8,9.74,5.04,4.313,5.55,15.91,1.52,334.02,168.83,264.27,246.41,117153000,2023-01-03,2022-12-15
ALGN,Common Stock,Align Technology Inc,"Align Technology is a manufacturer of 3D digital scanners and the Invisalign clear aligners used in orthodontics. It is headquartered in San Jose, California.",1097149,NASDAQ,USD,USA,LIFE SCIENCES,"ORTHOPEDIC, PROSTHETIC & SURGICAL APPLIANCES & SUPPLIES","2820 ORCHARD PARKWAY, SAN JOSE, CA, US",December,2022-09-30,17244875000,872510000,34.12,10.8,47.3,0,0,6.47,49.23,0.132,0.194,0.0812,0.142,3864219000,2935355000,6.47,-0.592,-0.124,244.9,34.12,25.06,4.083,4.14,3.707,16.42,1.652,562.26,172.05,197.55,261.58,78112000,None,None
ALK,Common Stock,Alaska Air Group Inc,"Alaska Air Group is an airline holding company based in SeaTac, Washington, United States.",766421,NYSE,USD,USA,ENERGY & TRANSPORTATION,"AIR TRANSPORTATION, SCHEDULED","19300 INTERNATIONAL BOULEVARD, SEATTLE, WA, US",December,2022-09-30,5743224000,1092000000,113.2,1.3,30.16,0,0.0534,0.4,71.81,0.006,0.0752,0.03,0.0147,9066000000,939000000,0.4,-0.797,0.448,61.5,113.2,8.1,0.612,1.516,0.729,11.31,1.437,61.55,38.19,44.82,45.99,126838000,2020-03-05,2020-02-14
ALL,Common Stock,Allstate Corp,"The Allstate Corporation is an American insurance company, headquartered in Northfield Township, Illinois.",899051,NYSE,USD,USA,FINANCE,"FIRE, MARINE & CASUALTY INSURANCE","2775 SANDERS ROAD, NORTHBROOK, IL, US",December,2022-09-30,36954362000,1278000000,43.41,3.397,59.03,3.36,0.0249,3.21,183.74,-0.0041,0.0072,0.002,0.0023,50775998000,13969000000,3.21,-0.676,0.058,143.23,43.41,12.47,0.691,1.949,0.792,-,0.636,142.05,110.37,131.33,129.21,265210000,2023-01-03,2022-11-29
ALLE,Common Stock,Allegion PLC,"Allegion plc is an American-Irish provider based in Dublin of security products, for homes and businesses. It comprises thirty one global brands, including CISA, Interflex, LCN, Schlage and Von Duprin.",1579241,NYSE,USD,USA,TRADE & SERVICES,"SERVICES-DETECTIVE, GUARD & ARMORED CAR SERVICES","BLOCK D IVEAGH COURT, HARCOURT ROAD, DUBLIN 2, IE",December,2022-09-30,9465277000,662900000,21.95,2.033,9.01,1.59,0.0152,4.91,35.32,0.14,0.187,0.103,0.524,3119600000,1204900000,4.91,-0.182,0.274,118.58,21.95,18.08,2.977,12.19,3.715,17.69,1.081,128.37,87.33,108.23,104.35,87845000,2022-12-30,2022-12-15
AMAT,Common Stock,Applied Materials Inc,"Applied Materials, Inc. is an American corporation that supplies equipment, services and software for the manufacture of semiconductor (integrated circuit) chips for electronics, flat panel displays for computers, smartphones and televisions, and solar products. The company also supplies equipment to produce coatings for flexible electronics, packaging and other applications. The company is headquartered in Santa Clara, California, in Silicon Valley.",6951,NASDAQ,USD,USA,MANUFACTURING,SEMICONDUCTORS & RELATED DEVICES,"3050 BOWERS AVE, SANTA CLARA, CA, US",October,2022-10-31,88018477000,8266000000,14.01,3.775,14.45,1.02,0.0106,7.44,29.6,0.253,0.303,0.186,0.534,25785000000,11993000000,7.44,-0.019,0.102,118.25,14.01,15.97,3.489,7.74,3.77,11.75,1.571,165.53,70.95,100.89,102.0,844140000,2023-03-16,2023-02-22
AMCR,Common Stock,Amcor PLC,"Amcor plc is an Australian-American, UK-domiciled packaging company. It develops and produces flexible packaging, rigid containers, specialty cartons, closures and services for food, beverage, pharmaceutical, medical-device, home and personal-care, and other products.",1748790,NYSE,USD,USA,MANUFACTURING,MISCELLANEOUS MANUFACTURING INDUSTRIES,"83 TOWER ROAD NORTH, WARMLEY, BRISTOL, GB",June,2022-09-30,18166045000,2069000000,22.18,None,2.638,0.482,0.0411,0.55,9.92,0.0563,0.102,0.0551,0.195,14836000000,2820000000,0.55,0.183,0.085,11.9,22.18,15.48,1.23,4.743,1.715,13.27,0.854,13.33,10.31,11.9,12.07,1489020000,2022-12-13,2022-11-22
AMD,Common Stock,Advanced Micro Devices Inc,"Advanced Micro Devices, Inc. (AMD) is an American multinational semiconductor company based in Santa Clara, California, that develops computer processors and related technologies for business and consumer markets. AMD's main products include microprocessors, motherboard chipsets, embedded processors and graphics processors for servers, workstations, personal computers and embedded system applications.",2488,NASDAQ,USD,USA,MANUFACTURING,SEMICONDUCTORS & RELATED DEVICES,"2485 AUGUSTINE DRIVE, SANTA CLARA, CA, US",December,2022-09-30,101675819000,5547000000,38.71,0.902,33.84,0,0,1.61,15.65,0.0996,0.131,0.0473,0.0737,22827999000,7929000000,1.61,-0.947,0.29,90.87,38.71,18.02,4.699,2.038,4.75,18.86,2.002,141.25,54.57,67.69,82.72,1612360000,None,1995-04-27
AME,Common Stock,Ametek Inc,"AMETEK, Inc. is an American global manufacturer of electronic instruments and electromechanical devices with a headquarters in the United States and over 220 manufacturing sites worldwide.",1037868,NYSE,USD,USA,MANUFACTURING,MOTORS & GENERATORS,"1100 CASSATT ROAD, PO BOX 1764, BERWYN, PA, US",December,2022-09-30,33033431000,1775334000,29.42,1.76,31.06,0.86,0.0064,4.89,26.14,0.188,0.243,0.0773,0.166,6028608000,1912614000,4.89,0.173,0.077,152.53,29.42,24.04,5.27,4.564,5.74,19.45,1.228,145.79,105.82,137.82,125.24,229654000,2022-12-23,2022-12-06
AMGN,Common Stock,Amgen Inc,"Amgen Inc. (formerly Applied Molecular Genetics Inc.) is an American multinational biopharmaceutical company headquartered in Thousand Oaks, California. Focused on molecular biology and biochemistry, its goal is to provide a healthcare business based on recombinant DNA technology.",318154,NASDAQ,USD,USA,LIFE SCIENCES,"BIOLOGICAL PRODUCTS, (NO DISGNOSTIC SUBSTANCES)","ONE AMGEN CENTER DRIVE, THOUSAND OAKS, CA, US",December,2022-09-30,142390886000,13425000000,21.5,1.55,6.85,7.58,0.0324,12.41,48.29,0.26,0.388,0.0993,1.152,26329999000,19525000000,12.41,0.202,-0.008,269.44,21.5,14.95,5.49,39.6,6.53,13.85,0.648,294.64,209.61,275.65,251.5,533579000,2023-03-08,2023-02-14
AMP,Common Stock,Ameriprise Financial Inc,"Ameriprise Financial, Inc. is a diversified financial services company and bank holding company incorporated in Delaware and headquartered in Minneapolis, Minnesota. It provides financial planning products and services, including wealth management, asset management, insurance, annuities, and estate planning.",820027,NYSE,USD,USA,FINANCE,INVESTMENT ADVICE,"1099 AMERIPRISE FINANCIAL CENTER, MINNEAPOLIS, MN, US",December,2022-09-30,33201039000,4297000000,13.02,1.359,30.53,4.76,0.0161,23.97,128.06,0.192,0.296,0.0165,0.617,14436000000,7588000000,23.97,-0.438,0.206,342,13.02,11.42,2.318,10.52,2.199,-,1.469,339.41,218.08,316.32,280.29,106417000,2022-11-18,2022-11-04
AMT,Common Stock,American Tower Corp,"American Tower Corporation (also referred to as American Tower or ATC) is an American real estate investment trust and an owner and operator of wireless and broadcast communications infrastructure in several countries worldwide and is headquartered in Boston, Massachusetts.",1053507,NYSE,USD,USA,REAL ESTATE & CONSTRUCTION,REAL ESTATE INVESTMENT TRUSTS,"116 HUNTINGTON AVE, BOSTON, MA, US",December,2022-09-30,101734916000,6350300000,34.3,3.572,13.49,5.69,0.0295,6.37,22.77,0.278,0.303,0.0312,0.259,10451300000,6674900000,6.37,0.139,0.088,248.82,34.3,48.78,9.72,16.3,14.06,20.26,0.536,278.37,176.86,212.6,238.53,465606000,2023-02-02,2022-12-27
AMZN,Common Stock,Amazon.com Inc,"Amazon.com, Inc. is an American multinational technology company which focuses on e-commerce, cloud computing, digital streaming, and artificial intelligence. It is one of the Big Five companies in the U.S. information technology industry, along with Google, Apple, Microsoft, and Facebook. The company has been referred to as one of the most influential economic and cultural forces in the world, as well as the world's most valuable brand.",1018724,NASDAQ,USD,USA,TRADE & SERVICES,RETAIL-CATALOG & MAIL-ORDER HOUSES,"410 TERRY AVENUE NORTH, SEATTLE, WA, US",December,2022-09-30,878162412000,51549000000,76.86,4.953,13.48,0,0,1.12,49.35,0.0226,0.0258,0.02,0.0878,502190998000,197478000000,1.12,-0.097,0.147,137.98,76.86,43.86,1.797,6.61,1.948,19.3,1.195,170.83,81.43,92.53,118.25,10201700000,None,None
ANET,Common Stock,Arista Networks,"Arista Networks (formerly Arastra) is an American computer networking company headquartered in Santa Clara, California. The company designs and sells multilayer network switches to deliver software-defined networking (SDN) solutions for large datacenter, cloud computing, high-performance computing, and high-frequency trading environments.",1596532,NYSE,USD,USA,TECHNOLOGY,COMPUTER COMMUNICATIONS EQUIPMENT,"5453 GREAT AMERICA PARKWAY, SANTA CLARA, CA, US",December,2022-09-30,34098008000,1381614000,38.13,1.098,14.35,0,0,2.91,12.81,0.296,0.337,0.143,0.282,3930217000,1880779000,2.91,0.614,0.572,159.43,38.13,23.81,9.67,9.13,9.44,26.85,1.28,143.57,89.11,126.73,116.95,307300000,None,None
ANSS,Common Stock,ANSYS Inc,"Ansys, Inc. is an American company based in Canonsburg, Pennsylvania. It develops and markets multiphysics engineering simulation software for product design, testing and operation and offers its products and services to customers worldwide.",1013462,NASDAQ,USD,USA,TECHNOLOGY,SERVICES-PREPACKAGED SOFTWARE,"2600 ANSYS DRIVE, SOUTHPOINTE, CANONSBURG, PA, US",December,2022-09-30,20179540000,690052000,44.29,3.864,52.17,0,0,5.23,23.27,0.231,0.285,0.0595,0.106,2027105000,1709493000,5.23,0.134,0.071,263.82,44.29,30.58,10.66,4.91,11.12,33.0,1.268,373.75,194.23,238.44,253.79,87112000,None,None
AON,Common Stock,Aon PLC,"Aon plc is a multinational professional services firm that sells a range of financial risk-mitigation products, including insurance, pension administration, and health-insurance plans.",315293,NYSE,USD,USA,FINANCE,"INSURANCE AGENTS, BROKERS & SERVICE","THE LEADENHALL BUILDING, 122 LEADENHALL STREET, LONDON, GB",December,2022-09-30,63572128000,3902000000,23.95,1.772,-3.772,2.14,0.0075,12.83,57.88,0.225,0.292,0.0719,0.35,12429000000,5476000000,12.83,0.404,-0.002,311.25,23.95,21.37,5.05,89.18,5.92,17.76,0.878,340.06,245.26,297.11,288.99,206853000,2022-11-15,2022-10-31
AOS,Common Stock,Smith AO Corporation,A. O. Smith Corporation is an American manufacturer of both residential and commercial water heaters and boilers and the largest manufacturer and marketer of water heaters in North America. It also supplies water treatment products in the Asian market.,91142,NYSE,USD,USA,MANUFACTURING,HOUSEHOLD APPLIANCES,"11270 WEST PARK PLACE, MILWAUKEE, WI, US",December,2022-09-30,9386557000,715800000,19.57,1.812,11.44,1.12,0.0202,3.14,24.38,0.13,0.168,0.122,0.272,3813300000,1310900000,3.14,-0.134,-0.044,59.11,19.57,18.12,2.276,5.15,2.331,12.14,1.217,83.39,46.31,57.93,58.13,126870000,2022-11-15,2022-10-28
APA,Common Stock,APA Corporation,"APA Corporation is the holding company for Apache Corporation, a company engaged in hydrocarbon exploration. It is organized in Delaware and headquartered in Houston.",6769,NASDAQ,USD,USA,ENERGY & TRANSPORTATION,CRUDE PETROLEUM & NATURAL GAS,"2000 POST OAK BLVD, STE 100, HOUSTON, TX, US",December,2022-09-30,13426341000,6414000000,4.227,0.17,1.854,0.625,0.0214,9.88,31.54,0.332,0.465,0.235,0.374,10874000000,5080000000,9.88,2.313,0.374,55.73,4.227,4.174,1.332,24.13,1.821,2.787,3.657,51.46,27.64,45.81,40.99,321512000,2023-02-22,2023-01-20
APD,Common Stock,Air Products and Chemicals Inc,"Air Products and Chemicals, Inc. is an American international corporation whose principal business is selling gases and chemicals for industrial uses. Air Products' headquarters is in Allentown, Pennsylvania.",2969,NYSE,USD,USA,LIFE SCIENCES,INDUSTRIAL INORGANIC CHEMICALS,"7201 HAMILTON BLVD, ALLENTOWN, PA, US",September,2022-09-30,68856234000,3796600000,30.77,1.918,59.25,6.36,0.021,10.08,57.2,0.178,0.194,0.0569,0.162,12698600000,3360100000,10.08,-0.046,0.257,323.04,30.77,27.55,5.53,5.31,5.89,17.72,0.857,326.85,210.83,297.2,257.76,221988000,2023-02-13,2022-12-30
APH,Common Stock,Amphenol Corporation,"Amphenol Corporation is a major producer of electronic and fiber optic connectors, cable and interconnect systems such as coaxial cables. Amphenol is a portmanteau from the corporation's original name, American Phenolic Corp.",820313,NYSE,USD,USA,MANUFACTURING,ELECTRONIC CONNECTORS,"358 HALL AVE, WALLINGFORD, CT, US",December,2022-09-30,46756610000,2938300000,26.54,2.861,11.04,0.8,0.011,2.96,20.79,0.15,0.204,0.105,0.294,12410600000,3401800000,2.96,0.172,0.169,85.7,26.54,25.77,3.747,7.4,4.201,17.82,1.249,82.64,61.33,77.61,72.82,595095000,2023-01-11,2022-12-19
APTV,Common Stock,Aptiv PLC,"Aptiv plc is an auto parts company headquartered in Dublin, Ireland.",1521332,NYSE,USD,USA,MANUFACTURING,MOTOR VEHICLE PARTS & ACCESSORIES,"5 HANOVER QUAY, GRAND CANAL DOCK, DUBLIN, IE",December,2022-09-30,26637095000,1907000000,86.24,0.836,30.25,0,0.0176,1.14,62.72,0.0221,0.0679,0.0383,0.043,16983000000,2438000000,1.14,2.303,0.263,119.41,86.24,19.27,1.531,3.084,1.601,16.27,2.017,169.55,77.96,98.19,98.5,270950000,2020-02-19,2020-02-04
ARE,Common Stock,Alexandria Real Estate Equities Inc,"Alexandria Real Estate Equities, Inc. is an American real estate investment trust that invests in office buildings and laboratories leased to tenants in the life science and technology industries.",1035443,NYSE,USD,USA,REAL ESTATE & CONSTRUCTION,REAL ESTATE INVESTMENT TRUSTS,"26 NORTH EUCLID AVENUE, PASADENA, CA, US",December,2022-09-30,23472646000,1498679000,43.09,844.2,108.33,4.66,0.0338,3.32,15.75,0.217,0.237,0.0118,0.0353,2499095000,1502850000,3.32,2.149,0.198,173.73,43.09,17.24,9.87,1.425,14.23,20.13,0.947,204.7,125.67,147.61,157.3,164087000,2023-01-13,2022-12-29
ATO,Common Stock,Atmos Energy Corporation,"Atmos Energy Corporation, headquartered in Dallas, Texas, is one of the United States' largest natural-gas-only distributors.",731802,NYSE,USD,USA,ENERGY & TRANSPORTATION,NATURAL GAS DISTRIBUTION,"1800 THREE LINCOLN CTR, 5430 LBJ FREEWAY, DALLAS, TX, US",September,2022-09-30,15352412000,1464974000,19.58,2.678,66.85,2.72,0.0264,5.56,30.48,0.184,0.221,0.0278,0.0894,4201662000,1808845000,5.56,0.381,0.271,121.57,19.58,19.68,3.919,1.77,5.95,16.77,0.57,121.08,97.1,112.75,113.18,141016000,2022-12-12,2022-11-25
ATVI,Common Stock,Activision Blizzard Inc,"Activision Blizzard, Inc. is an American video game holding company based in Santa Monica, California. Activision Blizzard currently includes five business units: Activision Publishing, Blizzard Entertainment, King, Major League Gaming, and Activision Blizzard Studios.",718877,NASDAQ,USD,USA,TECHNOLOGY,SERVICES-PREPACKAGED SOFTWARE,"3100 OCEAN PARK BLVD, SANTA MONICA, CA, US",December,2022-09-30,60723872000,2175000000,36.43,3.799,24.03,0.47,0.0061,2.13,9.43,0.228,0.281,0.0522,0.0936,7357000000,6486000000,2.13,-0.329,-0.139,92.29,36.43,20.12,8.12,3.206,7.23,22.05,0.428,86.39,61.62,74.75,76.91,782625000,2022-05-06,2022-04-13
AVB,Common Stock,AvalonBay Communities Inc,"AvalonBay Communities, Inc. is a publicly traded real estate investment trust that invests in apartments.",915912,NYSE,USD,USA,REAL ESTATE & CONSTRUCTION,REAL ESTATE INVESTMENT TRUSTS,"4040 WILSON BOULEVARD, STE 1000, ARLINGTON, VA, US",December,2022-09-30,22891346000,1573796000,18.59,1.459,80.28,6.36,0.0403,8.8,18.3,0.482,0.301,0.0242,0.112,2553867000,1455149000,8.8,5.26,0.207,191.18,18.59,31.85,9.25,2.147,12.7,14.08,0.916,252.02,156.79,167.83,197.67,139897000,2023-01-17,2022-12-29
AVGO,Common Stock,Broadcom Inc,"Broadcom Inc. is an American designer, developer, manufacturer and global supplier of a wide range of semiconductor and infrastructure software products. Broadcom's product offerings serve the data center, networking, software, broadband, wireless, and storage and industrial markets.",1730168,NASDAQ,USD,USA,MANUFACTURING,SEMICONDUCTORS & RELATED DEVICES,"1320 RIDDER PARK DRIVE, SAN JOSE, CA, US",October,2022-10-31,245896659000,19270001000,22.23,0.859,54.33,16.9,0.0332,26.47,81.18,0.346,0.43,0.12,0.482,33202999000,24947000000,26.47,0.613,0.206,646.31,22.23,13.44,6.81,9.71,7.46,12.93,1.131,629.48,411.63,521.79,528.76,417886000,2022-12-30,2022-12-19
AVY,Common Stock,Avery Dennison Corp,"Avery Dennison Corporation is a multinational manufacturer and distributor of pressure-sensitive adhesive materials (such as self-adhesive labels), apparel branding labels and tags, RFID inlays, and specialty medical products. The company is headquartered in Glendale, California.",8818,NYSE,USD,USA,MANUFACTURING,CONVERTED PAPER & PAPERBOARD PRODS (NO CONTANERS/BOXES),"207 GOODE AVENUE, GLENDALE, CA, US",December,2022-09-30,15247272000,1381500000,18.81,2.273,24.75,2.86,0.0166,10.01,112.15,0.0888,0.122,0.0876,0.429,9196600000,2312800000,10.01,0.378,0.118,204,18.81,17.04,1.596,7.17,1.891,12.03,0.99,212.48,150.41,181.49,176.8,80969000,2022-12-21,2022-12-06
AWK,Common Stock,American Water Works,American Water is an American public utility company operating in the United States and Canada.,1410636,NYSE,USD,USA,ENERGY & TRANSPORTATION,WATER SUPPLY,"1 WATER STREET, CAMDEN, NJ, US",December,2022-09-30,28776098000,1954000000,21.83,4.407,42.67,2.515,0.0172,7.25,20.95,0.346,0.343,0.0312,0.18,3812000000,2153000000,7.25,0.067,-0.009,160.3,21.83,33.0,7.46,3.711,10.66,14.57,0.527,171.57,122.19,149.2,149.65,181828000,2023-03-01,2023-02-06
AXP,Common Stock,American Express Company,The American Express Company is a multinational financial services corporation headquartered at 200 Vesey Street in the Battery Park City neighborhood of Lower Manhattan in New York City.,4962,NYSE,USD,USA,FINANCE,FINANCE SERVICES,"200 VESEY STREET, 50TH FLOOR, NEW YORK, NY, US",December,2022-09-30,112211984000,None,15.06,1.15,32.05,1.99,0.0142,9.97,65.64,0.154,0.208,0.0384,0.317,49622999000,30799000000,9.97,0.089,0.149,167.72,15.06,13.85,2.321,4.81,-,-,1.158,196.81,130.2,150.44,156.11,747233000,2023-02-10,2023-01-05
AZO,Common Stock,AutoZone Inc,"AutoZone, Inc. is an American retailer of aftermarket automotive parts and accessories, the largest in the United States.",866787,NYSE,USD,USA,TRADE & SERVICES,RETAIL-AUTO & HOME SUPPLY STORES,"123 SOUTH FRONT ST, MEMPHIS, TN, US",August,2022-11-30,46663537000,3691163000,21.19,1.373,-204.18,0,0,117.34,844.82,0.146,0.196,0.136,0,16568393000,8472650000,117.34,0.069,0.086,2620.21,21.19,18.83,2.676,-,2.833,14.46,0.75,2610.05,1703.32,2467.51,2213.27,18765700,None,None
BA,Common Stock,The Boeing Company,"The Boeing Company is an American multinational corporation that designs, manufactures, and sells airplanes, rotorcraft, rockets, satellites, telecommunications equipment, and missiles worldwide. The company also provides leasing and product support services.",12927,NYSE,USD,USA,MANUFACTURING,AIRCRAFT,"P O BOX 3707 MS 1F 31, SEATTLE, WA, US",December,2022-09-30,126944371000,-2680999936,None,6.53,-29.71,0,0,-8.29,103.57,-0.138,-0.0764,-0.0206,0,61420999000,5190000000,-8.29,-0.68,0.044,199.2,-,29.5,1.783,-,2.526,-34.48,1.499,229.67,113.02,175.22,156.97,595983000,2020-03-06,2020-02-13
BAC,Common Stock,Bank of America Corp,"The Bank of America Corporation is an American multinational investment bank and financial services holding company headquartered in Charlotte, North Carolina. Founded in San Francisco, Bank of America was formed through NationsBank's acquisition of BankAmerica in 1998. It is the second largest banking institution in the United States, after JPMorgan Chase, and the eighth largest bank in the world. Bank of America is one of the Big Four banking institutions of the United States. It services approximately 10 percent of all American bank deposits, in direct competition with JPMorgan Chase, Citigroup and Wells Fargo. Its primary financial services revolve around commercial banking, wealth management, and investment banking.",70858,NYSE,USD,USA,FINANCE,NATIONAL COMMERCIAL BANKS,"BANK OF AMERICA CORPORATE CENTER, 100 N TRYON ST, CHARLOTTE, NC, US",December,2022-09-30,276051821000,None,10.89,87.48,29.96,0.85,0.0258,3.16,11.23,0.299,0.338,0.0089,0.101,91516002000,93707000000,3.16,-0.047,0.009,40.49,10.89,8.75,2.785,1.077,-,-,1.402,48.97,29.14,35.09,34.94,8022430000,2022-12-30,2022-12-01
BALL,Common Stock,Ball Corporation,"Ball Corporation supplies aluminum packaging products to the beverage, personal care, and household products industries in the United States, Brazil, and internationally. The company is headquartered in Westminster, Colorado.",9389,NYSE,USD,USA,MANUFACTURING,METAL CANS,"10 LONGS PEAK DRIVE, BROOMFIELD, CO, US",December,2022-09-30,17033299000,2130000000,17.97,1.623,11.09,0.8,0.0156,3.02,48.57,0.0621,0.0927,0.0446,0.266,15475000000,2726000000,3.02,1.296,0.112,56.65,17.97,14.37,1.048,4.914,1.674,12.41,0.701,96.8,45.83,52.64,63.99,313920000,2022-12-15,2022-11-30
BAX,Common Stock,Baxter International Inc,"Baxter International Inc. is an American multinational health care company with headquarters in Deerfield, Illinois. The company primarily focuses on products to treat hemophilia, kidney disease, immune disorders and other chronic and acute medical conditions. ",10456,NYSE,USD,USA,LIFE SCIENCES,SURGICAL & MEDICAL INSTRUMENTS & APPARATUS,"ONE BAXTER PKWY, DF2-1W, DEERFIELD, IL, US",December,2022-09-30,24424663000,2956000000,24.23,1.696,10.98,1.14,0.0222,2,29.36,-0.161,0.111,0.043,-0.329,14740000000,5250000000,2,-0.153,0.17,61.01,24.23,14.27,1.736,4.793,2.837,-68.32,0.587,88.15,47.86,52.76,62.43,504121000,2023-01-03,2022-12-01
BBWI,Common Stock,Bath & Body Works Inc.,None,701985,NYSE,USD,USA,TRADE & SERVICES,RETAIL-WOMEN'S CLOTHING STORES,"THREE LIMITED PKWY, P O BOX 16000, COLUMBUS, OH, US",January,2022-10-31,10687538000,1976000000,12.0,1.584,-11.44,0.75,0.019,3.9,32.12,0.125,0.208,0.179,0,7700000000,3855000000,3.9,0.222,-0.046,50.44,12.0,10.96,1.238,-,2.003,8.46,1.697,61.03,25.46,38.9,39.17,228415000,2022-12-02,2022-11-17
BBY,Common Stock,Best Buy Co Inc,"Best Buy Co., Inc. is an American multinational consumer electronics retailer headquartered in Richfield, Minnesota.",764478,NYSE,USD,USA,TRADE & SERVICES,"RETAIL-RADIO, TV & CONSUMER ELECTRONICS STORES","7601 PENN AVE SOUTH, RICHFIELD, MN, US",January,2022-10-31,18373763000,2977000000,12.43,2.686,13.29,3.52,0.0432,6.68,209.48,0.0323,0.0433,0.0698,0.426,47928001000,11634000000,6.68,-0.39,-0.111,83.82,12.43,12.15,0.373,5.97,0.437,7.2,1.51,108.09,60.13,76.93,77.81,221264000,2023-01-03,2022-12-12
BDX,Common Stock,Becton Dickinson and Company,"Becton, Dickinson and Company, also known as BD, is an American multinational medical technology company that manufactures and sells medical devices, instrument systems, and reagents. BD also provides consulting and analytics services in certain geographies.",10795,NYSE,USD,USA,LIFE SCIENCES,SURGICAL & MEDICAL INSTRUMENTS & APPARATUS,"ONE BECTON DR, FRANKLIN LAKES, NJ, US",September,2022-09-30,73722061000,4864000000,48.2,2.314,89.22,3.48,0.0143,5.38,66.21,0.0943,0.14,0.0308,0.0668,18870000000,8614000000,5.38,0.122,-0.018,269.67,48.2,20.58,3.762,2.848,4.613,19.74,0.576,274.41,215.1,240.28,246.94,284268000,2022-12-30,2022-12-08
BEN,Common Stock,Franklin Resources Inc,"Franklin Resources Inc. is an American multinational holding company that, together with its subsidiaries, is referred to as Franklin Templeton; it is a global investment firm founded in New York City in 1947 as Franklin Distributors, Inc.",38777,NYSE,USD,USA,FINANCE,INVESTMENT ADVICE,"ONE FRANKLIN PARKWAY, BUILDING 920, SAN MATEO, CA, US",September,2022-09-30,13672051000,2423900000,10.8,39.7,22.97,1.16,0.0439,2.53,16.93,0.156,0.247,0.049,0.1,8275300000,3515300000,2.53,-0.647,-0.111,22.79,10.8,11.25,1.574,1.18,2.189,8.22,1.278,34.81,20.01,25.81,25.51,500258000,2023-01-13,2022-12-29
BF-B,Common Stock,Brown-Forman Corporation,"The Brown Forman Corporation is one of the largest American-owned companies in the spirits and wine business. Based in Louisville, Kentucky, it manufactures several well known brands throughout the world, including Jack Daniel's, Early Times, Old Forester, Woodford Reserve, GlenDronach, BenRiach, Glenglassaugh, Finlandia, Herradura, Korbel, and Chambord.",14693,NYSE,USD,USA,MANUFACTURING,BEVERAGES,"850 DIXIE HWY, LOUISVILLE, KY, US",April,2022-10-31,30844602000,1352000000,35.02,2.917,6.34,0.754,0.0129,1.84,8.63,0.214,0.308,0.118,0.297,4134000000,2391000000,1.84,-0.041,0.101,70.94,35.02,37.45,7.66,12.54,9.05,27.42,0.7,77.73,59.73,68.45,69.06,309952000,2023-01-03,2022-12-01
BIIB,Common Stock,Biogen Inc,"Biogen Inc. is an American multinational biotechnology company based in Cambridge, Massachusetts, specializing in the discovery, development, and delivery of therapies for the treatment of neurological diseases to patients worldwide.",875045,NASDAQ,USD,USA,LIFE SCIENCES,"BIOLOGICAL PRODUCTS, (NO DISGNOSTIC SUBSTANCES)","225 BINNEY STREET, CAMBRIDGE, MA, US",December,2022-09-30,40212275000,3490600000,14.45,36.19,88.72,0,0,19.33,70.97,0.276,0.285,0.076,0.202,10363199000,8872000000,19.33,2.532,-0.097,318.26,14.45,18.45,3.938,3.258,4.183,10.36,0.202,311.88,187.16,287.77,232.84,144001000,None,None
BIO,Common Stock,Bio-Rad Laboratories Inc,"Bio-Rad Laboratories, Inc. is an American developer and manufacturer of specialized technological products for the life science research and clinical diagnostics markets.",12208,NYSE,USD,USA,LIFE SCIENCES,LABORATORY ANALYTICAL INSTRUMENTS,"1000 ALFRED NOBEL DRIVE, HERCULES, CA, US",December,2022-09-30,12397407000,666118000,None,1.074,283.45,0,0,-3.387,93.98,-2.152,0.191,0.0209,-0.507,2804730000,1665661000,-3.387,1.978,-0.089,591,-,28.01,4.418,1.517,4.358,-1.591,0.928,685.29,344.63,404.31,477.5,24749300,None,None
BK,Common Stock,Bank of New York Mellon,"The Bank of New York Mellon Corporation, commonly known as BNY Mellon, is a multinational American investment banking services holding company headquartered in New York City.",1390777,NYSE,USD,USA,FINANCE,STATE COMMERCIAL BANKS,"240 GREENWICH STREET, NEW YORK, NY, US",December,2022-09-30,38158897000,None,14.13,1.041,43.18,1.39,0.0325,3.34,20.31,0.176,0.271,0.0064,0.0688,16472001000,16162000000,3.34,-0.625,0.056,51.27,14.13,9.27,2.171,1.041,-,-,1.092,63.01,35.9,44.18,43.75,808280000,2022-11-10,2022-10-26
BKNG,Common Stock,Booking Holdings Inc,"Booking Holdings Inc. is an American travel technology company organized in Delaware and based in Norwalk, Connecticut, that owns and operates several travel fare aggregators and travel fare metasearch engines including namesake and flagship Booking.com, Priceline.com, Agoda.com, Kayak.com, Cheapflights, Rentalcars.com, Momondo, and OpenTable.",1075531,NASDAQ,USD,USA,ENERGY & TRANSPORTATION,TRANSPORTATION SERVICES,"800 CONNECTICUT AVE, NORWALK, CT, US",December,2022-09-30,84531798000,5073000000,35.77,0.465,93.89,0,0,60.93,395.48,0.152,0.29,0.128,0.53,16022000000,8780000000,60.93,1.257,0.294,2306.05,35.77,17.15,4.759,21.21,4.879,18.64,1.255,2715.66,1616.85,1965.33,1982.79,38789400,None,None
BKR,Common Stock,Baker Hughes Co,"Baker Hughes Company is an American international industrial service company and one of the world's largest oil field services companies. The company provides the oil and gas industry with products and services for oil drilling, formation evaluation, completion, production and reservoir consulting. Baker Hughes is headquartered in Houston.",1701605,NASDAQ,USD,USA,TECHNOLOGY,OIL & GAS FIELD MACHINERY & EQUIPMENT,"17021 ALDINE WESTFIELD ROAD, HOUSTON, TX, US",December,2022-09-30,29043935000,2757000000,72,1.317,14.12,0.72,0.026,0.4,21.55,-0.0236,0.0809,0.0304,-0.0274,20736000000,4049000000,0.4,-0.651,0.054,33.88,72,16.29,1.412,1.919,1.493,17.93,1.517,39.03,20.28,28.82,29.1,1001470000,2022-11-18,2022-11-04
BLK,Common Stock,BlackRock Inc,"BlackRock, Inc. is an American multinational investment management corporation based in New York City.",1364742,NYSE,USD,USA,FINANCE,"SECURITY BROKERS, DEALERS & FLOTATION COMPANIES","55 EAST 52ND STREET, NEW YORK, NY, US",December,2022-09-30,110844649000,7418000000,20.41,13.91,246.99,18.77,0.0278,36.15,123.16,0.298,0.376,0.0307,0.139,18642000000,9818000000,36.15,-0.151,-0.146,698.69,20.41,20.88,5.63,2.876,5.82,14.7,1.28,875.08,499.68,704.07,662.44,150196000,2022-12-23,2022-12-06
BMY,Common Stock,Bristol-Myers Squibb Company,"Bristol Myers Squibb (BMS) is an American multinational pharmaceutical company, headquartered in New York City. Bristol Myers Squibb manufactures prescription pharmaceuticals and biologics in several therapeutic areas, including cancer, AIDS, cardiovascular disease, diabetes, hepatitis, rheumatoid arthritis and psychiatric disorders.",14272,NYSE,USD,USA,LIFE SCIENCES,PHARMACEUTICAL PREPARATIONS,"430 E. 29TH STREET, 14 FLOOR, NEW YORK, NY, US",December,2022-09-30,155209679000,20728001000,23.78,2.437,15.38,2.16,0.0317,3.07,21.7,0.143,0.22,0.0613,0.191,46738002000,37048000000,3.07,0.087,-0.035,81.57,23.78,9.97,3.412,5.13,4.251,10.29,0.425,80.8,59.4,76.71,74.56,2126160000,2023-02-01,2023-01-05
BR,Common Stock,Broadridge Financial Solutions Inc,"Broadridge Financial Solutions is a public corporate services company founded in 2007 as a spin-off from Automatic Data Processing. The main business of Broadridge is as a service provider supplying public companies with proxy statements, annual reports and other financial documents, and shareholder communications solutions, such as virtual annual meetings.",1383312,NYSE,USD,USA,TRADE & SERVICES,"SERVICES-BUSINESS SERVICES, NEC","1981 MARCUS AVENUE, LAKE SUCCESS, NY, US",June,2022-09-30,15818714000,1196900000,30.56,1.858,16.17,2.645,0.0218,4.4,49.56,0.0901,0.128,0.0577,0.286,5799500000,1592200000,4.4,-0.263,0.076,163.36,30.56,19.92,2.738,8.71,3.565,19.46,0.936,181.63,130.69,141.02,149.85,117655000,2023-01-05,2022-12-14
BRK-B,Common Stock,Berkshire Hathaway Inc,"Berkshire Hathaway Inc. is an American multinational conglomerate holding company headquartered in Omaha, Nebraska, United States. The company wholly owns GEICO, Duracell, Dairy Queen, BNSF, Lubrizol, Fruit of the Loom, Helzberg Diamonds, Long & Foster, FlightSafety International, Pampered Chef, Forest River, and NetJets, and also owns 38.6% of Pilot Flying J; and significant minority holdings in public companies Kraft Heinz Company (26.7%), American Express (18.8%), The Coca-Cola Company (9.32%), Bank of America (11.9%), and Apple (6.3%).",1067983,NYSE,USD,USA,FINANCE,"FIRE, MARINE & CASUALTY INSURANCE","3555 FARNAM STREET, OMAHA, NE, US",December,2022-09-30,700547269000,9947000000,60.95,10.06,310560.2,0,0,5.21,200580.47,-0.0045,-0.003,-0.0006,-0.001,295721992000,114863000000,5.21,-0.515,0.09,362,60.95,21.46,2.232,1.492,3.041,-,0.92,362.1,259.85,304.84,300.72,1304380000,None,None
BRO,Common Stock,Brown & Brown Inc,"Brown & Brown, Inc. markets and sells insurance products and services in the United States, Bermuda, Canada, the Cayman Islands, Ireland, and the United Kingdom. The company is headquartered in Daytona Beach, Florida.",79282,NYSE,USD,USA,FINANCE,"INSURANCE AGENTS, BROKERS & SERVICE","220 S. RIDGEWOOD AVE., DAYTONA BEACH, FL, US",December,2022-09-30,16661951000,1096147000,26.74,4.41,15.22,0.41,0.0081,2.2,12.03,0.184,0.27,0.0494,0.149,3408499000,1413388000,2.2,0.098,0.203,65.22,26.74,23.36,4.701,3.822,5.92,18.08,0.734,73.61,52.72,57.27,61.27,283222000,2022-11-16,2022-11-01
BSX,Common Stock,Boston Scientific Corp,"Boston Scientific Corporation, doing business as Boston Scientific, is a manufacturer of medical devices used in interventional medical specialties, including interventional radiology, interventional cardiology, peripheral interventions, neuromodulation, neurovascular intervention, electrophysiology, cardiac surgery, vascular surgery, endoscopy, oncology, urology and gynecology.",885725,NYSE,USD,USA,LIFE SCIENCES,SURGICAL & MEDICAL INSTRUMENTS & APPARATUS,"300 BOSTON SCIENTIFIC WAY, MARLBOROUGH, MA, US",December,2022-09-30,66358927000,3303000000,113,2.531,12.32,0,0,0.41,8.8,0.052,0.173,0.0425,0.0383,12567000000,8241000000,0.41,-0.571,0.081,51,113,24.27,5.28,3.831,6.06,30.6,0.855,47.95,34.98,44.4,41.54,1432310000,None,None
BWA,Common Stock,BorgWarner Inc,"BorgWarner Inc. is an American multinational automotive supplier headquartered in Auburn Hills, Michigan.",908255,NYSE,USD,USA,MANUFACTURING,MOTOR VEHICLE PARTS & ACCESSORIES,"3850 HAMLIN RD., AUBURN HILLS, MI, US",December,2022-09-30,9834468000,2101000000,12.21,0.601,28.93,0.68,0.0169,3.44,64.77,0.0533,0.0893,0.0526,0.128,15348000000,2855000000,3.44,1.9,0.189,48.01,12.21,8.59,0.622,1.423,0.829,6.48,1.443,49.26,31.01,40.36,37.67,234154000,2022-12-15,2022-11-30
BXP,Common Stock,Boston Properties Inc,"Boston Properties, Inc. is a publicly traded real estate investment trust that invests in office buildings in Boston, Los Angeles, New York City, San Francisco, and Washington, D.C.",1037540,NYSE,USD,USA,REAL ESTATE & CONSTRUCTION,REAL ESTATE INVESTMENT TRUSTS,"800 BOYLSTON STREET, SUITE 1900, BOSTON, MA, US",December,2022-09-30,10190643000,1781875000,11.37,7.05,39.27,3.92,0.058,5.72,19.4,0.3,0.347,0.0283,0.132,3037534000,1826695000,5.72,2.319,0.086,82.68,11.37,24.63,3.567,1.769,8.14,11.08,1.048,127.41,63.48,69.87,89.96,156755000,2023-01-30,2022-12-29
C,Common Stock,Citigroup Inc,"Citigroup Inc. is an American multinational investment bank and financial services corporation headquartered in New York City. The company was formed by the merger of banking giant Citicorp and financial conglomerate Travelers Group in 1998; Travelers was subsequently spun off from the company in 2002. Citigroup owns Citicorp, the holding company for Citibank, as well as several international subsidiaries. Citigroup is incorporated in Delaware.",831001,NYSE,USD,USA,FINANCE,NATIONAL COMMERCIAL BANKS,"388 GREENWICH STREET, NEW YORK, NY, US",December,2022-09-30,91632378000,None,6.35,0.717,92.71,2.04,0.0436,7.45,36.12,0.219,0.277,0.0067,0.0789,70747996000,74990000000,7.45,-0.243,-0.028,57.05,6.35,6.67,1.222,0.496,-,-,1.563,66.96,39.55,46.27,48.56,1936850000,2022-11-23,2022-11-04
CAG,Common Stock,ConAgra Foods Inc,"Conagra Brands, Inc. (formerly ConAgra Foods) is an American consumer packaged goods holding company headquartered in Chicago, Illinois. Conagra makes and sells products under various brand names that are available in supermarkets, restaurants, and food service establishments.",23217,NYSE,USD,USA,MANUFACTURING,FOOD AND KINDRED PRODUCTS,"ONE CONAGRA DR, OMAHA, NE, US",May,2022-11-30,19630285000,1833400000,34.42,1.828,17.75,1.268,0.0341,1.19,24.54,0.0488,0.138,0.0453,0.0668,11786900000,2860600000,1.19,-0.485,0.095,38.63,34.42,15.38,1.558,2.168,2.326,19.68,0.588,41.03,29.25,37.15,34.86,479255000,2023-03-02,2023-01-27
CAH,Common Stock,Cardinal Health Inc,"Cardinal Health, Inc. is an American multinational health care services company.",721371,NYSE,USD,USA,TRADE & SERVICES,"WHOLESALE-DRUGS, PROPRIETARIES & DRUGGISTS' SUNDRIES","7000 CARDINAL PLACE, DUBLIN, OH, US",June,2022-09-30,20614218000,2256000000,None,0.646,-6.8,1.973,0.0259,-3.377,680.0,-0.0059,0.0084,0.0226,0,186998997000,6545000000,-3.377,-0.574,0.128,82,-,14.68,0.11,16.07,0.118,-111.07,0.788,81.05,46.92,78.03,65.29,262134000,2023-01-15,2022-12-30
CARR,Common Stock,Carrier GlobalÂ Corp,"Carrier Global Corporation is an American multinational home appliances corporation based in Palm Beach Gardens, Florida.",1783180,NYSE,USD,USA,TECHNOLOGY,AIR-COND & WARM AIR HEATG EQUIP & COMM & INDL REFRIG EQUIP,"13995 PASTEUR BOULEVARD, PALM BEACH GARDENS, FL, US",December,2022-09-30,34729959000,2851000000,10.06,1.663,8.55,0.6,0.0179,4.13,24.03,0.175,0.123,0.0613,0.495,20448999000,6008000000,4.13,1.887,0.021,45.79,10.06,16.89,1.791,5.08,2.092,8.62,1.15,52.53,32.82,42.17,40.05,836262000,2023-02-10,2022-12-21
CAT,Common Stock,Caterpillar Inc,"Caterpillar Inc. (often shortened to CAT) is an American Fortune 100 corporation that designs, develops, engineers, manufactures, markets, and sells machinery, engines, financial products, and insurance to customers via a worldwide dealer network.",18230,NYSE,USD,USA,TECHNOLOGY,CONSTRUCTION MACHINERY & EQUIP,"100 NE ADAMS ST, PEORIA, IL, US",December,2022-09-30,129508983000,11151000000,18.16,1.557,29.96,4.62,0.02,13.7,106.4,0.13,0.159,0.0695,0.456,56627999000,13189000000,13.7,0.488,0.209,232.84,18.16,15.9,2.12,7.83,2.688,12.79,1.124,249.91,159.53,230.79,204.86,520409000,2023-02-17,2023-01-19
CB,Common Stock,Chubb Ltd,"Chubb Limited, incorporated in Zurich, Switzerland, is the parent company of Chubb, a global provider of insurance products covering property and casualty, accident and health, reinsurance, and life insurance and the largest publicly traded property and casualty company in the world.",896159,NYSE,USD,USA,FINANCE,"FIRE, MARINE & CASUALTY INSURANCE","BARENGASSE 32, ZURICH CH-8001, CH",December,2022-09-30,94988337000,7337000000,15.95,3.952,114.79,3.26,0.0149,14.35,98.49,0.147,0.169,0.0222,0.115,41684001000,11443000000,14.35,-0.536,0.111,239.56,15.95,12.25,2.119,1.893,2.557,-,0.683,230.27,173.11,214.34,202.1,415050000,2023-01-06,2022-12-15
CBOE,Common Stock,Cboe Global Markets Inc,Cboe Global Markets is an American company that owns the Chicago Board Options Exchange and the stock exchange operator BATS Global Markets.,1374310,BATS,USD,USA,FINANCE,"SECURITY & COMMODITY BROKERS, DEALERS, EXCHANGES & SERVICES","400 SOUTH LASALLE, CHICAGO, IL, US",December,2022-09-30,13100066000,1096300000,54.64,1.75,31.05,1.94,0.0159,2.26,35.85,0.0631,0.246,0.0789,0.071,3820200000,1476100000,2.26,0.258,0.216,141.38,54.64,17.27,3.447,4.006,3.876,23.66,0.571,130.52,102.52,124.74,118.66,106082000,2022-12-15,2022-11-29
CBRE,Common Stock,CBRE Group Inc Class A,"CBRE Group, Inc. is an American commercial real estate services and investment firm. The abbreviation CBRE stands for Coldwell Banker Richard Ellis. It is the largest commercial real estate services company in the world.",1138118,NYSE,USD,USA,REAL ESTATE & CONSTRUCTION,REAL ESTATE,"400 SOUTH HOPE STREET, 25TH FLOOR, LOS ANGELES, CA, US",December,2022-09-30,25566591000,2368856000,13.22,2.447,25.58,0,0,6.12,95.13,0.0647,0.0552,0.0539,0.238,31183974000,6166529000,6.12,0.078,0.108,93.14,13.22,14.97,0.785,3.019,0.868,8.47,1.372,107.67,66.31,75.45,78.41,315949000,None,None
CCI,Common Stock,Crown Castle,"Crown Castle is a real estate investment trust and provider of shared communications infrastructure in the United States. Its network includes over 40,000 cell towers and nearly 80,000 route miles of fiber supporting small cells and fiber solutions. Headquartered in Houston, Texas, the company has 100 offices nationwide.",1051470,NYSE,USD,USA,REAL ESTATE & CONSTRUCTION,REAL ESTATE INVESTMENT TRUSTS,"1220 AUGUSTA DRIVE, SUITE 600, HOUSTON, TX, US",December,2022-09-30,63099429000,4012000000,39.06,3.352,17.73,5.88,0.0445,3.73,15.89,0.235,0.345,0.0381,0.199,6876000000,4347000000,3.73,0.195,0.079,157.67,39.06,35.97,8.69,7.88,12.82,22.23,0.628,194.36,120.4,136.06,163.05,433048000,2022-12-30,2022-12-14
CCL,Common Stock,Carnival Corporation,"Carnival Corporation & plc is a British-American cruise operator, currently the world's largest travel leisure company, with a combined fleet of over 100 vessels across 10 cruise line brands.",815097,NYSE,USD,USA,ENERGY & TRANSPORTATION,WATER TRANSPORTATION,"3655 N W 87TH AVE, PO BOX 1347, MIAMI, FL, US",November,2022-11-30,11961011000,-1663000576,None,1.41,5.61,0,0,-8.31,10.31,-0.501,-0.324,-0.0469,-0.634,12167999000,3809000000,-8.31,-0.139,1.983,10.45,-,11.01,1.165,1.375,7.04,-11.92,2.137,23.86,6.11,9.02,11.26,1114000000,2020-03-13,2020-02-20
CDAY,Common Stock,Ceridian HCM Holding Inc,"Ceridian HCM Holding Inc., is a Human Capital Management (HCM) software company in the United States, Canada, and internationally. The company is headquartered in Minneapolis, Minnesota.",1725057,NYSE,USD,USA,TECHNOLOGY,SERVICES-PREPACKAGED SOFTWARE,"3311 EAST OLD SHAKOPEE ROAD, MINNEAPOLIS, MN, US",December,2022-09-30,9363152000,41500000,None,5.36,13.36,0,0,-0.553,7.79,-0.0652,-0.0034,-0.0003,-0.0364,1192200000,436000000,-0.553,-0.056,0.227,86.82,-,57.8,8.45,5.18,9.62,273.16,1.456,95.06,43.23,64.42,59.35,153595000,None,None
CDNS,Common Stock,Cadence Design Systems Inc,"Cadence Design Systems, Inc., headquartered in San Jose, California, is an American multinational computational software company. The company produces software, hardware and silicon structures for designing integrated circuits, systems on chips (SoCs) and printed circuit boards.",813672,NASDAQ,USD,USA,TECHNOLOGY,SERVICES-PREPACKAGED SOFTWARE,"2655 SEELY AVENUE BLDG 5, SAN JOSE, CA, US",December,2022-09-30,43797295000,1199835000,56.42,2.072,9.87,0,0,2.83,12.63,0.229,0.31,0.145,0.294,3434877000,2681238000,2.83,0.079,0.202,190.65,56.42,35.21,12.96,16.76,13.15,38.57,1.088,194.97,132.32,160.49,161.04,274316000,None,None
CDW,Common Stock,CDW Corp,"CDW Corporation, headquartered in Lincolnshire, Illinois, is a provider of technology products and services for business, government and education.",1402057,NASDAQ,USD,USA,TRADE & SERVICES,RETAIL-CATALOG & MAIL-ORDER HOUSES,"200 N MILWAUKEE AVENUE, VERNON HILLS, IL, US",December,2022-09-30,24806341000,1975300000,23.95,1.53,9.8,2,0.0132,7.65,176.38,0.0437,0.0715,0.0948,0.964,23847299000,3568500000,7.65,0.136,0.173,207.59,23.95,18.15,1.046,19.61,1.358,17.2,1.135,200.37,147.45,181.1,172.14,135391000,2022-12-09,2022-11-23
CE,Common Stock,Celanese Corporation,"Celanese Corporation is a Fortune 500 global technology and specialty materials company headquartered in Irving, Texas, United States.",1306830,NYSE,USD,USA,LIFE SCIENCES,"PLASTIC MATERIAL, SYNTH RESIN/RUBBER, CELLULOS (NO GLASS)","222 W. LAS COLINAS BLVD., SUITE 900N, IRVING, TX, US",December,2022-09-30,12644873000,2333000000,7.69,7.85,45.67,2.72,0.0274,15.17,88.56,0.172,0.2,0.0729,0.349,9600000000,2682000000,15.17,-0.615,0.015,121.46,7.69,7.36,1.157,2.216,1.446,5.1,1.26,171.38,86.08,101.75,118.25,108428000,2022-11-14,2022-10-28
CEG,Common Stock,Constellation Energy Corp,"Constellation Energy Corporation is an energy producer in the United States. The company is headquartered in Baltimore, Maryland.",1868275,NASDAQ,USD,USA,ENERGY & TRANSPORTATION,ELECTRIC SERVICES,"1310 POINT STREET, BALTIMORE, MD, UNITED STATES",December,2022-09-30,27306002000,1821000000,38.84,0.861,33.03,0.423,0.0065,2.15,69.23,-0.0067,0.0017,0.0005,-0.0135,22639000000,2745000000,2.15,0,0.373,101.23,38.84,20.92,1.296,2.75,1.496,16.1,None,97.89,37.66,90.98,73.98,327018000,2022-12-09,2022-11-14
CF,Common Stock,CF Industries Holdings Inc,"CF Industries Holdings, Inc. is a North American manufacturer and distributor of agricultural fertilizers, based in Deerfield, Illinois.",1324404,NYSE,USD,USA,LIFE SCIENCES,AGRICULTURAL CHEMICALS,"4 PARKWAY NORTH, SUITE 400, DEERFIELD, IL, US",December,2022-09-30,16560313000,6448000000,5.73,0.644,22.47,1.4,0.0188,14.72,53.52,0.287,0.5,0.277,0.596,11118000000,2387000000,14.72,3.895,0.704,116.26,5.73,6.36,1.668,4.106,1.736,3.102,0.993,119.16,62.12,99.89,98.72,196189000,2022-11-30,2022-11-14
CFG,Common Stock,Citizens Financial Group Inc,"Citizens Financial Group, Inc. is an American bank headquartered in Providence, Rhode Island.",759944,NYSE,USD,USA,FINANCE,STATE COMMERCIAL BANKS,"870 WESTMINSTER ST, 1 CITIZENS PLZ THIRD FL, PROVIDENCE, RI, US",December,2022-09-30,20448227000,None,10.35,0.263,42.62,1.59,0.0415,4.01,15.81,0.269,0.35,0.0095,0.0838,7255000000,7058000000,4.01,0.042,0.214,46.55,10.35,7.27,2.58,0.91,-,-,1.335,54.82,32.32,40.08,38.9,492491000,2022-11-16,2022-11-01
CHD,Common Stock,Church & Dwight Company Inc,"Church & Dwight Co., Inc., is a major American manufacturer of household products that is headquartered in Ewing, New Jersey.",313927,NYSE,USD,USA,LIFE SCIENCES,"SOAP, DETERGENTS, CLEANG PREPARATIONS, PERFUMES, COSMETICS","500 CHARLES EWING BOULEVARD, EWING, NJ, US",December,2022-09-30,20384926000,1163100000,27.96,3.993,15.18,1.038,0.013,2.99,21.84,0.139,0.183,0.0776,0.205,5308300000,2263500000,2.99,-0.174,0.004,83.53,27.96,25.91,3.748,5.44,4.167,18.45,0.466,104.32,69.91,78.37,86.23,243868000,2022-12-01,2022-11-14
CHRW,Common Stock,CH Robinson Worldwide Inc,"C.H. Robinson is an American Fortune 500 provider of multimodal transportation services and third-party logistics (3PL). The company offers freight transportation, transportation management, brokerage and warehousing. It offers truckload, less than truckload, air freight, intermodal, and ocean transportation.",1043277,NASDAQ,USD,USA,ENERGY & TRANSPORTATION,ARRANGEMENT OF TRANSPORTATION OF FREIGHT & CARGO,"14701 CHARLSON ROAD, EDEN PRAIRIE, MN, US",December,2022-09-30,10983426000,1451310000,11.31,2.706,13.91,2.2,0.0271,8.25,203.3,0.0411,0.0532,0.13,0.592,26131653000,1608479000,8.25,-0.038,-0.04,96.96,11.31,16.1,0.427,6.75,0.524,9.25,0.776,119.91,84.74,94.78,102.42,117709000,2023-01-03,2022-12-01
CHTR,Common Stock,Charter Communications Inc,"Charter Communications, Inc., is an American telecommunications and mass media company with services branded as Charter Spectrum.",1091667,NASDAQ,USD,USA,TECHNOLOGY,CABLE & OTHER PAY TELEVISION SERVICES,"12405 POWERSCOURT DRIVE, ST. LOUIS, MO, US",December,2022-09-30,56264528000,21425000000,11.08,0.3,57.1,0,0,32.63,320.67,0.102,0.232,0.0543,0.372,53560001000,23271000000,32.63,0.135,0.031,490.85,11.08,9.92,0.911,6.6,2.999,7.57,1.105,626.64,297.66,360.36,426.53,155672000,None,None
CI,Common Stock,Cigna Corp,"Cigna is an American multinational managed healthcare and insurance company based in Bloomfield, Connecticut. Its insurance subsidiaries are major providers of medical, dental, disability, life and accident insurance and related products and services, the majority of which are offered through employers and other groups (e.g. governmental and non-governmental organizations, unions and associations).",1739940,NYSE,USD,USA,FINANCE,HOSPITAL & MEDICAL SERVICE PLANS,"900 COTTAGE GROVE ROAD, BLOOMFIELD, CT, US",December,2022-09-30,93002752000,9932000000,15.05,1.217,147.58,4.36,0.0135,20.21,569.52,0.0367,0.045,0.034,0.144,180025999000,23159000000,20.21,0.869,0.019,356.52,15.05,13.51,0.563,2.272,0.705,-,0.716,340.11,209.69,323.56,283.98,305739000,2022-12-21,2022-12-05
CINF,Common Stock,Cincinnati Financial Corporation,"Cincinnati Financial Corporation offers property and casualty insurance, its main business, through The Cincinnati Insurance Company, The Cincinnati Indemnity Company and The Cincinnati Casualty Company.",20286,NASDAQ,USD,USA,FINANCE,"FIRE, MARINE & CASUALTY INSURANCE","6200 S GILMORE RD, FAIRFIELD, OH, US",December,2022-09-30,16766817000,25000000,33.23,-158.72,60.03,2.7,0.0259,3.21,42.38,-0.0043,-0.0118,-0.0017,-0.0027,6766000000,3827000000,3.21,0.396,-0.211,108.6,33.23,23.36,2.408,1.461,2.128,-,0.643,140.48,88.09,104.85,111.79,157184000,2023-01-13,2022-12-15
CL,Common Stock,Colgate-Palmolive Company,"Colgate-Palmolive Company is an American multinational consumer products company headquartered on Park Avenue in Midtown Manhattan, New York City. It specializes in the production, distribution and provision of household, health care, personal care and veterinary products.",21665,NYSE,USD,USA,LIFE SCIENCES,"PERFUMES, COSMETICS & OTHER TOILET PREPARATIONS","300 PARK AVE, NEW YORK, NY, US",December,2022-09-30,66800419000,4156000000,34.77,3.742,0.745,1.84,0.0239,2.3,21.15,0.109,0.203,0.14,2.031,17741001000,10375000000,2.3,-0.014,0.009,79.95,34.77,25.13,3.666,106.54,4.147,20.7,0.508,83.26,67.4,76.57,77.14,835214000,2022-11-15,2022-10-20
CLX,Common Stock,The Clorox Company,"The Clorox Company, based in Oakland, California, is an American global manufacturer and marketer of consumer and professional products.",21076,NYSE,USD,USA,LIFE SCIENCES,"SPECIALTY CLEANING, POLISHING AND SANITATION PREPARATIONS","THE CLOROX COMPANY, 1221 BROADWAY, OAKLAND, CA, US",June,2022-09-30,17821729000,871000000,43.64,2.04,2.643,4.68,0.0336,3.31,57.15,0.0575,0.0929,0.0658,0.796,7041000000,2545000000,3.31,-0.404,-0.037,135.59,43.64,35.59,2.565,56.11,3.014,24.51,0.276,181.19,118.52,145.25,142.81,123385000,2023-02-10,2023-01-24
CMA,Common Stock,Comerica Inc,"Comerica Incorporated is a financial services company headquartered in Dallas, Texas.",28412,NYSE,USD,USA,FINANCE,NATIONAL COMMERCIAL BANKS,"1717 MAIN STREET MC6404, ATTN: DARLENE PERSONS, DALLAS, TX, US",December,2022-09-30,8852355000,None,8.94,0.316,35.71,2.72,0.0412,7.56,24.85,0.316,0.417,0.0115,0.16,3262000000,3351000000,7.56,0.368,0.201,81.18,8.94,6.94,2.557,1.847,-,-,1.195,98.53,62.83,68.46,76.84,130952000,2023-01-01,2022-12-14
CMCSA,Common Stock,Comcast Corp,"Comcast Corporation is an American telecommunications conglomerate headquartered in Philadelphia, Pennsylvania. It is the second-largest broadcasting and cable television company in the world by revenue (behind AT&T), the largest pay-TV company, the largest cable TV company and largest home Internet service provider in the United States, and the nation's third-largest home telephone service provider. Comcast provides services to U.S. residential and commercial customers in 40 states and in the District of Columbia. As the parent company of the international media company NBCUniversal since 2011, Comcast is a producer of feature films and television programs intended for theatrical exhibition and over-the-air and cable television broadcast, respectively.",1166691,NASDAQ,USD,USA,TECHNOLOGY,CABLE & OTHER PAY TELEVISION SERVICES,"ONE COMCAST CENTER, PHILADELPHIA, PA, US",December,2022-09-30,159879692000,36845998000,30.82,0.731,18.57,1.06,0.0309,1.2,27.08,0.0446,0.189,0.0539,0.0562,121210003000,77935000000,1.2,-0.05,-0.015,42.76,30.82,9.46,1.234,1.902,1.976,8.72,1.002,50.61,28.17,34.21,38.11,4313960000,2023-01-25,2023-01-03
CME,Common Stock,CME Group Inc,"CME Group Inc. (Chicago Mercantile Exchange, Chicago Board of Trade, New York Mercantile Exchange, The Commodity Exchange) is an American global markets company. It is the world's largest financial derivatives exchange, and trades in asset classes that include agricultural products, currencies, energy, interest rates, metals, stock indexes and cryptocurrencies futures.",1156375,NASDAQ,USD,USA,FINANCE,"SECURITY & COMMODITY BROKERS, DEALERS, EXCHANGES & SERVICES","20 S. WACKER DR., CHICAGO, IL, US",December,2022-09-30,62984774000,3305100000,23.89,4.693,78.72,3.9,0.0501,7.33,13.8,0.541,0.594,0.0101,0.0965,4948000000,4679300000,7.33,-0.275,0.107,205.59,23.89,21.83,12.54,2.277,13.22,16.41,0.405,245.26,161.33,173.58,196.0,359725000,2023-01-18,2022-12-27
CMG,Common Stock,Chipotle Mexican Grill Inc,"Chipotle Mexican Grill, Inc., often known simply as Chipotle, is an American chain of fast casual restaurants in the United States, United Kingdom, Canada, Germany, and France, specializing in tacos and Mission burritos that are made to order in front of the customer.",1058090,NYSE,USD,USA,TRADE & SERVICES,RETAIL-EATING PLACES,"1401 WYNKOOP, SUITE 500, DENVER, CO, US",December,2022-09-30,38866649000,1326910000,50.06,1.208,83.87,0,0,28.01,300.96,0.0961,0.124,0.0974,0.349,8414686000,2904063000,28.01,0.281,0.137,1776.31,50.06,35.46,4.901,18.18,5.38,34.25,1.226,1754.56,1196.28,1477.56,1481.69,27721100,None,None
CMI,Common Stock,Cummins Inc,"Cummins is a Columbus, Indiana based multinational corporation that designs, manufactures, and distributes engines, filtration, and power generation products. Cummins also services engines and related equipment, including fuel systems, controls, air handling, filtration, emission control, electrical power generation systems, and trucks.",26172,NYSE,USD,USA,TECHNOLOGY,ENGINES & TURBINES,"500 JACKSON ST, BOX 3005 MAIL CODE 60207, COLUMBUS, IN, US",December,2022-09-30,33382728000,3199000000,17.72,1.566,59.42,5.92,0.0259,13.36,184.41,0.0732,0.0953,0.059,0.208,26154000000,5695000000,13.36,-0.236,0.229,258.28,17.72,12.29,1.272,4.07,1.519,11.68,1.053,253.53,181.87,243.06,216.94,141022000,2022-12-01,2022-11-17
CMS,Common Stock,CMS Energy Corporation,"CMS Energy (NYSE: CMS), based in Jackson, Michigan, is an energy company that is focused principally on utility operations in Michigan.",811156,NYSE,USD,USA,ENERGY & TRANSPORTATION,ELECTRIC & OTHER SERVICES COMBINED,"ONE ENERGY PLAZA, JACKSON, MI, US",December,2022-09-30,18367146000,2329000000,23.79,3.003,23.04,1.815,0.0291,2.66,28.85,0.156,0.162,0.0278,0.107,8351000000,2646000000,2.66,-0.13,0.173,67.31,23.79,20.45,2.195,2.767,3.87,13.16,0.342,69.89,51.99,60.44,65.26,290252000,2022-11-30,2022-11-03
CNC,Common Stock,Centene Corp,"Centene Corporation is a large publicly traded company and a multi-line managed care enterprise that serves as a major intermediary for both government-sponsored and privately insured health care programs. It is a healthcare insurer that focuses on managed care for uninsured, underinsured, and low-income individuals.",1071739,NYSE,USD,USA,FINANCE,HOSPITAL & MEDICAL SERVICE PLANS,"7700 FORSYTH BLVD., ST LOUIS, MO, US",December,2022-09-30,44542009000,6576000000,23.55,0.98,44.52,0,0,3.34,229.42,0.0151,0.0377,0.0395,0.0771,133307998000,19574000000,3.34,0.283,0.132,100.16,23.55,13.07,0.341,1.852,0.363,10.65,0.583,98.53,73.19,83.26,84.66,566260000,None,None
CNP,Common Stock,CenterPoint Energy Inc,"CenterPoint Energy, Inc. is an American Fortune 500 electric and natural gas utility serving several markets in the American states of Arkansas, Indiana, Louisiana, Minnesota, Mississippi, Oklahoma, and Texas.",1130310,NYSE,USD,USA,ENERGY & TRANSPORTATION,ELECTRIC SERVICES,"1111 LOUISIANA ST., HOUSTON, TX, US",December,2022-09-30,18879785000,2635000000,21.27,3.326,14.61,0.69,0.0253,1.41,14.18,0.177,0.173,0.0261,0.102,8924000000,3207000000,1.41,-0.067,0.088,31.87,21.27,20.45,2.183,2.084,3.92,11.08,0.87,33.29,24.88,29.74,30.33,629536000,2023-03-09,2023-02-15
COF,Common Stock,Capital One Financial Corporation,"Capital One Financial Corporation is an American bank holding company specializing in credit cards, auto loans, banking, and savings accounts, headquartered in McLean, Virginia with operations primarily in the United States.",927628,NYSE,USD,USA,FINANCE,NATIONAL COMMERCIAL BANKS,"1680 CAPITAL ONE DRIVE, SUITE 1400, MCLEAN, VA, US",December,2022-09-30,37051523000,None,4.772,0.616,120.47,2.4,0.0258,20.34,73.46,0.29,0.372,0.0197,0.149,29515999000,32379000000,20.34,-0.381,-0.127,116.11,4.772,5.55,1.214,0.725,-,-,1.411,159.18,86.98,98.74,109.74,381699000,2022-11-25,2022-11-10
COO,Common Stock,Cooper Companies Inc,"The Cooper Companies, Inc., branded as CooperCompanies, is a global medical device company headquartered in San Ramon, California.",711404,NYSE,USD,USA,LIFE SCIENCES,OPHTHALMIC GOODS,"6140 STONERIDGE MALL RD, STE 590, PLEASANTON, CA, US",October,2022-10-31,17035659000,884800000,44.2,2.015,145.53,0.06,0.0002,7.81,67.11,0.117,0.163,0.0319,0.0547,3308400000,2166300000,7.81,-0.402,0.117,353.92,44.2,22.32,4.835,2.128,5.41,25.13,0.949,430.63,244.22,308.42,322.38,49354400,2023-02-10,2023-01-20
COP,Common Stock,ConocoPhillips,"ConocoPhillips is an American multinational corporation engaged in hydrocarbon exploration. It is based in the Energy Corridor district of Houston, Texas.",1163165,NYSE,USD,USA,ENERGY & TRANSPORTATION,PETROLEUM REFINING,"925 N. ELDRIDGE PARKWAY, HOUSTON, TX, US",December,2022-09-30,147322864000,34288001000,8.5,0.447,39.39,3.04,0.0203,13.91,59.47,0.235,0.351,0.185,0.388,76899000000,22936000000,13.91,0.994,0.865,138.56,8.5,8.48,1.824,2.793,1.914,4.023,1.309,137.09,75.07,122.1,107.98,1246070000,2023-01-13,2022-12-23
COST,Common Stock,Costco Wholesale Corp,"Costco Wholesale Corporation (doing business as Costco Wholesale and also known simply as Costco) is an American multinational corporation which operates a chain of membership-only (needing a membership to shop there) big-box retail stores. As of 2020, Costco was the fifth largest retailer in the world, and the world's largest retailer of choice and prime beef, organic foods, rotisserie chicken, and wine as of 2016.",909832,NASDAQ,USD,USA,TRADE & SERVICES,RETAIL-VARIETY STORES,"999 LAKE DRIVE, ISSAQUAH, WA, US",August,2022-11-30,214263415000,9648000000,36.75,3.433,48.38,3.49,0.0079,13.14,520.61,0.0255,0.0335,0.0743,0.293,231027999000,27572000000,13.14,0.03,0.081,550.6,36.75,33.56,0.891,10.39,0.919,26.33,0.71,609.12,405.08,491.5,507.01,443729000,2022-11-10,2022-10-27
